date,people_fully_vaccinated_per_hundred,location
2021-02-28,,Philippines
2021-03-01,,Philippines
2021-03-02,,Philippines
2021-03-03,,Philippines
2021-03-04,,Philippines
2021-03-05,,Philippines
2021-03-06,,Philippines
2021-03-07,,Philippines
2021-03-08,,Philippines
2021-03-09,,Philippines
2021-03-10,,Philippines
2021-03-11,,Philippines
2021-03-12,,Philippines
2021-03-13,,Philippines
2021-03-14,,Philippines
2021-03-15,,Philippines
2021-03-16,,Philippines
2021-03-17,,Philippines
2021-03-18,,Philippines
2021-03-19,,Philippines
2021-03-20,,Philippines
2021-03-21,,Philippines
2021-03-22,,Philippines
2021-03-23,,Philippines
2021-03-24,,Philippines
2021-03-25,,Philippines
2021-03-26,,Philippines
2021-03-27,,Philippines
2021-03-28,,Philippines
2021-03-29,,Philippines
2021-03-30,0.0,Philippines
2021-03-31,0.0033333333333333335,Philippines
2021-04-01,0.006666666666666667,Philippines
2021-04-02,0.01,Philippines
2021-04-03,0.013333333333333334,Philippines
2021-04-04,0.016666666666666666,Philippines
2021-04-05,0.02,Philippines
2021-04-06,0.04,Philippines
2021-04-07,0.054000000000000006,Philippines
2021-04-08,0.068,Philippines
2021-04-09,0.08200000000000002,Philippines
2021-04-10,0.096,Philippines
2021-04-11,0.11,Philippines
2021-04-12,0.13,Philippines
2021-04-13,0.14,Philippines
2021-04-14,0.14750000000000002,Philippines
2021-04-15,0.15500000000000003,Philippines
2021-04-16,0.1625,Philippines
2021-04-17,0.17,Philippines
2021-04-18,0.17,Philippines
2021-04-19,0.175,Philippines
2021-04-20,0.18,Philippines
2021-04-21,0.19,Philippines
2021-04-22,0.19333333333333333,Philippines
2021-04-23,0.19666666666666668,Philippines
2021-04-24,0.2,Philippines
2021-04-25,0.20500000000000002,Philippines
2021-04-26,0.21,Philippines
2021-04-27,0.21,Philippines
2021-04-28,0.22,Philippines
2021-04-29,0.23,Philippines
2021-04-30,0.24,Philippines
2021-05-01,0.25,Philippines
2021-05-02,0.26,Philippines
2021-05-03,0.27,Philippines
2021-05-04,0.28,Philippines
2021-05-05,0.3,Philippines
2021-05-06,0.32999999999999996,Philippines
2021-05-07,0.36,Philippines
2021-05-08,0.38,Philippines
2021-05-09,0.39,Philippines
2021-05-10,0.42000000000000004,Philippines
2021-05-11,0.45,Philippines
2021-05-12,0.48333333333333334,Philippines
2021-05-13,0.5166666666666667,Philippines
2021-05-14,0.55,Philippines
2021-05-15,0.58,Philippines
2021-05-16,0.62,Philippines
2021-05-17,0.65,Philippines
2021-05-18,0.68,Philippines
2021-05-19,0.7200000000000001,Philippines
2021-05-20,0.76,Philippines
2021-05-21,0.8,Philippines
2021-05-22,0.82,Philippines
2021-05-23,0.835,Philippines
2021-05-24,0.85,Philippines
2021-05-25,0.89,Philippines
2021-05-26,0.92,Philippines
2021-05-27,0.9500000000000001,Philippines
2021-05-28,0.98,Philippines
2021-05-29,1.01,Philippines
2021-05-30,1.04,Philippines
2021-05-31,1.08,Philippines
2021-06-01,1.1199999999999999,Philippines
2021-06-02,1.16,Philippines
2021-06-03,1.22,Philippines
2021-06-04,1.28,Philippines
2021-06-05,1.32,Philippines
2021-06-06,1.34,Philippines
2021-06-07,1.39,Philippines
2021-06-08,1.46,Philippines
2021-06-09,1.51,Philippines
2021-06-10,1.5433333333333334,Philippines
2021-06-11,1.5766666666666667,Philippines
2021-06-12,1.61,Philippines
2021-06-13,1.63,Philippines
2021-06-14,1.65,Philippines
2021-06-15,1.71,Philippines
2021-06-16,1.74,Philippines
2021-06-17,1.79,Philippines
2021-06-18,1.81,Philippines
2021-06-19,1.83,Philippines
2021-06-20,1.86,Philippines
2021-06-21,1.89,Philippines
2021-06-22,1.9024999999999999,Philippines
2021-06-23,1.915,Philippines
2021-06-24,1.9275,Philippines
2021-06-25,1.94,Philippines
2021-06-26,2.065,Philippines
2021-06-27,2.19,Philippines
2021-06-28,2.205,Philippines
2021-06-29,2.22,Philippines
2021-06-30,2.28,Philippines
2021-07-01,2.34,Philippines
2021-07-02,2.3866666666666667,Philippines
2021-07-03,2.433333333333333,Philippines
2021-07-04,2.48,Philippines
2021-07-05,2.505,Philippines
2021-07-06,2.53,Philippines
2021-07-07,2.57,Philippines
2021-07-08,2.67,Philippines
2021-07-09,2.79,Philippines
2021-07-10,2.91,Philippines
2021-07-11,3.0,Philippines
2021-07-12,3.05,Philippines
2021-07-13,3.18,Philippines
2021-07-14,3.34,Philippines
2021-07-15,3.5,Philippines
2021-07-16,3.71,Philippines
2021-07-17,3.83,Philippines
2021-07-18,3.95,Philippines
2021-07-19,4.07,Philippines
2021-07-20,4.21,Philippines
2021-07-21,4.35,Philippines
2021-07-22,4.58,Philippines
2021-07-23,4.81,Philippines
2021-07-24,4.994999999999999,Philippines
2021-07-25,5.18,Philippines
2021-07-26,5.27,Philippines
2021-07-27,5.46,Philippines
2021-07-28,6.12,Philippines
2021-07-29,6.78,Philippines
2021-07-30,7.0575,Philippines
2021-07-31,7.335,Philippines
2021-08-01,7.6125,Philippines
2021-08-02,7.89,Philippines
2021-08-03,8.9,Philippines
2021-08-04,9.08,Philippines
2021-08-05,9.26,Philippines
2021-08-06,9.523333333333333,Philippines
2021-08-07,9.786666666666667,Philippines
2021-08-08,10.05,Philippines
2021-08-09,10.17,Philippines
2021-08-10,10.290000000000001,Philippines
2021-08-11,10.41,Philippines
2021-08-12,10.525,Philippines
2021-08-13,10.64,Philippines
2021-08-14,10.754999999999999,Philippines
2021-08-15,10.87,Philippines
2021-08-16,11.03,Philippines
2021-08-17,11.085,Philippines
2021-08-18,11.14,Philippines
2021-08-19,11.195,Philippines
2021-08-20,11.25,Philippines
2021-08-21,11.305,Philippines
2021-08-22,11.36,Philippines
2021-08-23,11.42,Philippines
2021-08-24,11.495000000000001,Philippines
2021-08-25,11.57,Philippines
2021-08-26,11.66,Philippines
2021-08-27,11.75,Philippines
2021-08-28,11.84,Philippines
2021-08-29,11.93,Philippines
2021-08-30,12.004999999999999,Philippines
2021-08-31,12.08,Philippines
2021-09-01,12.21,Philippines
2021-09-02,12.41,Philippines
2021-09-03,12.61,Philippines
2021-09-04,12.81,Philippines
2021-09-05,13.01,Philippines
2021-09-06,13.09,Philippines
2021-09-07,13.4,Philippines
2021-09-08,13.71,Philippines
2021-09-09,13.97,Philippines
2021-09-10,14.156666666666666,Philippines
2021-09-11,14.343333333333334,Philippines
2021-09-12,14.53,Philippines
2021-09-13,14.78,Philippines
2021-09-14,15.01,Philippines
2021-09-15,15.3,Philippines
2021-09-16,15.56,Philippines
2021-09-17,15.726666666666667,Philippines
2021-09-18,15.893333333333333,Philippines
2021-09-19,16.06,Philippines
2021-09-20,16.259999999999998,Philippines
2021-09-21,16.46,Philippines
2021-09-22,16.740000000000002,Philippines
2021-09-23,17.02,Philippines
2021-09-24,17.203333333333333,Philippines
2021-09-25,17.386666666666667,Philippines
2021-09-26,17.57,Philippines
2021-09-27,17.81,Philippines
2021-09-28,18.01,Philippines
2021-09-29,18.26,Philippines
2021-09-30,18.48,Philippines
2021-10-01,18.61,Philippines
2021-10-02,18.740000000000002,Philippines
2021-10-03,18.87,Philippines
2021-10-04,19.03,Philippines
2021-10-05,19.39,Philippines
2021-10-06,19.61,Philippines
2021-10-07,19.79,Philippines
2021-10-08,19.883333333333333,Philippines
2021-10-09,19.976666666666667,Philippines
2021-10-10,20.07,Philippines
2021-10-11,20.22,Philippines
2021-10-12,20.37,Philippines
2021-10-13,20.57,Philippines
2021-10-14,20.75,Philippines
2021-10-15,20.846666666666668,Philippines
2021-10-16,20.94333333333333,Philippines
2021-10-17,21.04,Philippines
2021-10-18,21.2,Philippines
2021-10-19,21.37,Philippines
2021-10-20,21.53,Philippines
2021-10-21,21.72,Philippines
2021-10-22,21.896666666666665,Philippines
2021-10-23,22.073333333333334,Philippines
2021-10-24,22.25,Philippines
2021-10-25,22.46,Philippines
2021-10-26,22.66,Philippines
2021-10-27,22.91,Philippines
2021-10-28,23.19,Philippines
2021-10-29,23.353333333333335,Philippines
2021-10-30,23.516666666666666,Philippines
2021-10-31,23.68,Philippines
2021-11-01,23.75,Philippines
2021-11-02,24.01,Philippines
2021-11-03,24.4,Philippines
2021-11-04,24.682499999999997,Philippines
2021-11-05,24.965,Philippines
2021-11-06,25.2475,Philippines
2021-11-07,25.53,Philippines
2021-11-08,25.8125,Philippines
2021-11-09,26.095,Philippines
2021-11-10,26.3775,Philippines
2021-11-11,26.66,Philippines
2021-11-12,26.93,Philippines
2021-11-13,27.2,Philippines
2021-11-14,27.47,Philippines
2021-11-15,27.740000000000002,Philippines
2021-11-16,28.01,Philippines
2021-11-17,28.28,Philippines
2021-11-18,28.55,Philippines
2021-11-19,28.72,Philippines
2021-11-20,28.89,Philippines
2021-11-21,29.06,Philippines
2021-11-22,29.318571428571428,Philippines
2021-11-23,29.577142857142857,Philippines
2021-11-24,29.835714285714285,Philippines
2021-11-25,30.094285714285714,Philippines
2021-11-26,30.352857142857143,Philippines
2021-11-27,30.611428571428572,Philippines
2021-11-28,30.87,Philippines
2021-11-29,31.17,Philippines
2021-11-30,31.47,Philippines
2021-12-01,31.91,Philippines
2021-12-02,32.32,Philippines
2021-12-03,32.556666666666665,Philippines
2021-12-04,32.79333333333334,Philippines
2021-12-05,33.03,Philippines
2021-12-06,33.49,Philippines
2021-12-07,33.86,Philippines
2021-12-08,34.23,Philippines
2021-12-09,34.568,Philippines
2021-12-10,34.906,Philippines
2021-12-11,35.244,Philippines
2021-12-12,35.582,Philippines
2021-12-13,35.92,Philippines
2021-12-14,36.35,Philippines
2021-12-15,36.84,Philippines
2021-12-16,37.23,Philippines
2021-12-17,37.376666666666665,Philippines
2021-12-18,37.52333333333333,Philippines
2021-12-19,37.67,Philippines
2021-12-20,38.26,Philippines
2021-12-21,38.68666666666667,Philippines
2021-12-22,39.11333333333333,Philippines
2021-12-23,39.54,Philippines
2021-12-24,39.96666666666667,Philippines
2021-12-25,40.39333333333333,Philippines
2021-12-26,40.82,Philippines
2021-12-27,41.42,Philippines
2021-12-28,42.1,Philippines
2021-12-29,42.519999999999996,Philippines
2021-12-30,42.94,Philippines
2021-12-31,43.114,Philippines
2022-01-01,43.288,Philippines
2022-01-02,43.462,Philippines
2022-01-03,43.636,Philippines
2022-01-04,43.81,Philippines
2022-01-05,44.21,Philippines
2022-01-06,44.7,Philippines
2022-01-07,44.913333333333334,Philippines
2022-01-08,45.12666666666667,Philippines
2022-01-09,45.34,Philippines
2022-01-10,45.73,Philippines
2022-01-11,46.2,Philippines
2022-01-12,46.65,Philippines
2022-01-13,47.1,Philippines
2022-01-14,47.32,Philippines
2022-01-15,47.54,Philippines
2022-01-16,47.76,Philippines
2022-01-17,48.1,Philippines
2022-01-18,48.48,Philippines
2022-01-19,48.84,Philippines
2022-01-20,49.18,Philippines
2022-01-21,49.306666666666665,Philippines
2022-01-22,49.43333333333334,Philippines
2022-01-23,49.56,Philippines
2022-01-24,49.81,Philippines
2022-01-25,50.06,Philippines
2022-01-26,50.32,Philippines
2022-01-27,50.472,Philippines
2022-01-28,50.624,Philippines
2022-01-29,50.775999999999996,Philippines
2022-01-30,50.928,Philippines
2022-01-31,51.08,Philippines
2022-02-01,51.16,Philippines
2022-02-02,51.39,Philippines
2022-02-03,51.575,Philippines
2022-02-04,51.76,Philippines
2022-02-05,51.85666666666666,Philippines
2022-02-06,51.95333333333333,Philippines
2022-02-07,52.05,Philippines
2022-02-08,52.23285714285714,Philippines
2022-02-09,52.41571428571428,Philippines
2022-02-10,52.598571428571425,Philippines
2022-02-11,52.78142857142857,Philippines
2022-02-12,52.964285714285715,Philippines
2022-02-13,53.14714285714285,Philippines
2022-02-14,53.33,Philippines
2022-02-15,53.49666666666666,Philippines
2022-02-16,53.663333333333334,Philippines
2022-02-17,53.83,Philippines
2022-02-18,53.927499999999995,Philippines
2022-02-19,54.025,Philippines
2022-02-20,54.1225,Philippines
2022-02-21,54.22,Philippines
2022-02-22,54.278,Philippines
2022-02-23,54.336,Philippines
2022-02-24,54.394,Philippines
2022-02-25,54.452,Philippines
2022-02-26,54.51,Philippines
2022-02-27,54.568,Philippines
2022-02-28,54.626,Philippines
2022-03-01,54.684,Philippines
2022-03-02,54.742,Philippines
2022-03-03,54.8,Philippines
2022-03-04,54.858000000000004,Philippines
2022-03-05,54.916000000000004,Philippines
2022-03-06,54.974000000000004,Philippines
2022-03-07,55.032000000000004,Philippines
2022-03-08,55.09,Philippines
2022-03-09,55.148,Philippines
2022-03-10,55.206,Philippines
2022-03-11,55.264,Philippines
2022-03-12,55.322,Philippines
2022-03-13,55.38,Philippines
2022-03-14,55.665000000000006,Philippines
2022-03-15,55.95,Philippines
2022-03-16,56.035000000000004,Philippines
2022-03-17,56.120000000000005,Philippines
2022-03-18,56.205,Philippines
2022-03-19,56.29,Philippines
2022-03-20,56.375,Philippines
2022-03-21,56.46,Philippines
2022-03-22,56.54333333333334,Philippines
2022-03-23,56.626666666666665,Philippines
2022-03-24,56.71,Philippines
2022-03-25,56.756,Philippines
2022-03-26,56.802,Philippines
2022-03-27,56.848,Philippines
2022-03-28,56.894,Philippines
2022-03-29,56.94,Philippines
2022-03-30,57.025,Philippines
2022-03-31,57.11,Philippines
2022-04-01,57.16,Philippines
2022-04-02,57.21,Philippines
2022-04-03,57.260000000000005,Philippines
2022-04-04,57.31,Philippines
2022-04-05,57.41,Philippines
2022-04-06,57.489999999999995,Philippines
2022-04-07,57.57,Philippines
2022-04-08,57.5975,Philippines
2022-04-09,57.625,Philippines
2022-04-10,57.6525,Philippines
2022-04-11,57.68,Philippines
2022-04-12,57.72,Philippines
2022-04-13,57.76,Philippines
2022-04-14,57.8,Philippines
2022-04-15,57.84,Philippines
2022-04-16,57.88,Philippines
2022-04-17,57.92,Philippines
2022-04-18,57.96,Philippines
2022-04-19,58.07,Philippines
2022-04-20,58.135714285714286,Philippines
2022-04-21,58.20142857142857,Philippines
2022-04-22,58.26714285714286,Philippines
2022-04-23,58.332857142857144,Philippines
2022-04-24,58.39857142857143,Philippines
2022-04-25,58.464285714285715,Philippines
2022-04-26,58.53,Philippines
2022-04-27,58.595,Philippines
2022-04-28,58.66,Philippines
2022-04-29,58.6875,Philippines
2022-04-30,58.715,Philippines
2022-05-01,58.7425,Philippines
2022-05-02,58.77,Philippines
2022-05-03,58.82888888888889,Philippines
2022-05-04,58.88777777777778,Philippines
2022-05-05,58.946666666666665,Philippines
2022-05-06,59.00555555555555,Philippines
2022-05-07,59.06444444444445,Philippines
2022-05-08,59.123333333333335,Philippines
2022-05-09,59.18222222222222,Philippines
2022-05-10,59.24111111111111,Philippines
2022-05-11,59.3,Philippines
2022-05-12,59.33857142857143,Philippines
2022-05-13,59.37714285714286,Philippines
2022-05-14,59.41571428571429,Philippines
2022-05-15,59.45428571428571,Philippines
2022-05-16,59.49285714285714,Philippines
2022-05-17,59.53142857142857,Philippines
2022-05-18,59.57,Philippines
2022-05-19,59.6,Philippines
2022-05-20,59.63,Philippines
2022-05-21,59.68,Philippines
2022-05-22,59.730000000000004,Philippines
2022-05-23,59.78,Philippines
2022-05-24,59.84153846153846,Philippines
2022-05-25,59.903076923076924,Philippines
2022-05-26,59.964615384615385,Philippines
2022-05-27,60.026153846153846,Philippines
2022-05-28,60.08769230769231,Philippines
2022-05-29,60.14923076923077,Philippines
2022-05-30,60.21076923076923,Philippines
2022-05-31,60.27230769230769,Philippines
2022-06-01,60.33384615384615,Philippines
2022-06-02,60.395384615384614,Philippines
2022-06-03,60.456923076923076,Philippines
2022-06-04,60.51846153846154,Philippines
2022-06-05,60.58,Philippines
2022-06-06,60.61,Philippines
2022-06-07,60.64,Philippines
2022-06-08,60.67,Philippines
2022-06-09,60.699999999999996,Philippines
2022-06-10,60.73,Philippines
2022-06-11,60.76,Philippines
2022-06-12,60.79,Philippines
2022-06-13,60.8525,Philippines
2022-06-14,60.915,Philippines
2022-06-15,60.9775,Philippines
2022-06-16,61.04,Philippines
2022-06-17,61.07857142857143,Philippines
2022-06-18,61.11714285714286,Philippines
2022-06-19,61.15571428571429,Philippines
2022-06-20,61.19428571428571,Philippines
2022-06-21,61.23285714285714,Philippines
2022-06-22,61.27142857142857,Philippines
2022-06-23,61.31,Philippines
2022-06-24,61.354285714285716,Philippines
2022-06-25,61.39857142857143,Philippines
2022-06-26,61.44285714285714,Philippines
2022-06-27,61.48714285714286,Philippines
2022-06-28,61.53142857142857,Philippines
2022-06-29,61.575714285714284,Philippines
2022-06-30,61.620000000000005,Philippines
2022-07-01,61.66428571428572,Philippines
2022-07-02,61.70857142857143,Philippines
2022-07-03,61.752857142857145,Philippines
2022-07-04,61.79714285714286,Philippines
2022-07-05,61.84142857142857,Philippines
2022-07-06,61.885714285714286,Philippines
2022-07-07,61.93,Philippines
2022-07-08,61.96285714285714,Philippines
2022-07-09,61.995714285714286,Philippines
2022-07-10,62.028571428571425,Philippines
2022-07-11,62.06142857142857,Philippines
2022-07-12,62.09428571428571,Philippines
2022-07-13,62.12714285714286,Philippines
2022-07-14,62.16,Philippines
2022-07-15,62.16047619047619,Philippines
2022-07-16,62.16095238095238,Philippines
2022-07-17,62.161428571428566,Philippines
2022-07-18,62.16190476190476,Philippines
2022-07-19,62.16238095238095,Philippines
2022-07-20,62.16285714285714,Philippines
2022-07-21,62.163333333333334,Philippines
2022-07-22,62.16380952380952,Philippines
2022-07-23,62.16428571428571,Philippines
2022-07-24,62.1647619047619,Philippines
2022-07-25,62.165238095238095,Philippines
2022-07-26,62.16571428571429,Philippines
2022-07-27,62.16619047619048,Philippines
2022-07-28,62.166666666666664,Philippines
2022-07-29,62.167142857142856,Philippines
2022-07-30,62.16761904761905,Philippines
2022-07-31,62.16809523809524,Philippines
2022-08-01,62.16857142857143,Philippines
2022-08-02,62.16904761904762,Philippines
2022-08-03,62.16952380952381,Philippines
2022-08-04,62.17,Philippines
2022-08-05,62.19571428571429,Philippines
2022-08-06,62.221428571428575,Philippines
2022-08-07,62.24714285714286,Philippines
2022-08-08,62.27285714285714,Philippines
2022-08-09,62.29857142857143,Philippines
2022-08-10,62.324285714285715,Philippines
2022-08-11,62.35,Philippines
2022-08-12,62.37571428571429,Philippines
2022-08-13,62.401428571428575,Philippines
2022-08-14,62.42714285714286,Philippines
2022-08-15,62.45285714285714,Philippines
2022-08-16,62.47857142857143,Philippines
2022-08-17,62.504285714285714,Philippines
2022-08-18,62.53,Philippines
2022-08-19,62.5475,Philippines
2022-08-20,62.565,Philippines
2022-08-21,62.5825,Philippines
2022-08-22,62.6,Philippines
2022-08-23,62.6175,Philippines
2022-08-24,62.635000000000005,Philippines
2022-08-25,62.6525,Philippines
2022-08-26,62.67,Philippines
2022-08-27,62.69166666666667,Philippines
2022-08-28,62.71333333333333,Philippines
2022-08-29,62.735,Philippines
2022-08-30,62.75666666666667,Philippines
2022-08-31,62.77833333333333,Philippines
2022-09-01,62.8,Philippines
2022-09-02,62.82142857142857,Philippines
2022-09-03,62.84285714285714,Philippines
2022-09-04,62.864285714285714,Philippines
2022-09-05,62.885714285714286,Philippines
2022-09-06,62.90714285714286,Philippines
2022-09-07,62.92857142857143,Philippines
2022-09-08,62.95,Philippines
2022-09-09,62.962857142857146,Philippines
2022-09-10,62.97571428571429,Philippines
2022-09-11,62.98857142857143,Philippines
2022-09-12,63.00142857142857,Philippines
2022-09-13,63.01428571428571,Philippines
2022-09-14,63.027142857142856,Philippines
2022-09-15,63.04,Philippines
2022-09-16,63.05571428571429,Philippines
2022-09-17,63.07142857142857,Philippines
2022-09-18,63.08714285714286,Philippines
2022-09-19,63.10285714285714,Philippines
2022-09-20,63.11857142857143,Philippines
2022-09-21,63.13428571428571,Philippines
2022-09-22,63.15,Philippines
2022-09-23,63.168571428571425,Philippines
2022-09-24,63.18714285714286,Philippines
2022-09-25,63.205714285714286,Philippines
2022-09-26,63.22428571428571,Philippines
2022-09-27,63.24285714285714,Philippines
2022-09-28,63.261428571428574,Philippines
2022-09-29,63.28,Philippines
2022-09-30,63.29714285714286,Philippines
2022-10-01,63.31428571428572,Philippines
2022-10-02,63.331428571428575,Philippines
2022-10-03,63.348571428571425,Philippines
2022-10-04,63.36571428571428,Philippines
2022-10-05,63.38285714285714,Philippines
2022-10-06,63.4,Philippines
2022-10-07,63.41142857142857,Philippines
2022-10-08,63.42285714285714,Philippines
2022-10-09,63.434285714285714,Philippines
2022-10-10,63.44571428571428,Philippines
2022-10-11,63.457142857142856,Philippines
2022-10-12,63.46857142857142,Philippines
2022-10-13,63.48,Philippines
2022-10-14,63.49142857142857,Philippines
2022-10-15,63.50285714285714,Philippines
2022-10-16,63.51428571428571,Philippines
2022-10-17,63.52571428571429,Philippines
2022-10-18,63.53714285714286,Philippines
2022-10-19,63.54857142857143,Philippines
2022-10-20,63.56,Philippines
2022-10-21,63.56857142857143,Philippines
2022-10-22,63.57714285714286,Philippines
2022-10-23,63.58571428571429,Philippines
2022-10-24,63.59428571428571,Philippines
2022-10-25,63.60285714285714,Philippines
2022-10-26,63.61142857142857,Philippines
2022-10-27,63.62,Philippines
2022-10-28,63.62571428571428,Philippines
2022-10-29,63.63142857142857,Philippines
2022-10-30,63.637142857142855,Philippines
2022-10-31,63.64285714285714,Philippines
2022-11-01,63.64857142857143,Philippines
2022-11-02,63.65428571428571,Philippines
2022-11-03,63.66,Philippines
2022-11-04,63.66571428571429,Philippines
2022-11-05,63.67142857142857,Philippines
2022-11-06,63.67714285714286,Philippines
2022-11-07,63.682857142857145,Philippines
2022-11-08,63.68857142857143,Philippines
2022-11-09,63.69428571428572,Philippines
2022-11-10,63.7,Philippines
2022-11-11,63.71,Philippines
2022-11-12,63.720000000000006,Philippines
2022-11-13,63.730000000000004,Philippines
2022-11-14,63.74,Philippines
2022-11-15,63.75,Philippines
2022-11-16,63.760000000000005,Philippines
2022-11-17,63.77,Philippines
2022-11-18,63.77571428571429,Philippines
2022-11-19,63.78142857142858,Philippines
2022-11-20,63.78714285714286,Philippines
2022-11-21,63.792857142857144,Philippines
2022-11-22,63.79857142857143,Philippines
2022-11-23,63.80428571428572,Philippines
2022-11-24,63.81,Philippines
2022-11-25,63.81285714285715,Philippines
2022-11-26,63.815714285714286,Philippines
2022-11-27,63.81857142857143,Philippines
2022-11-28,63.82142857142857,Philippines
2022-11-29,63.824285714285715,Philippines
2022-11-30,63.82714285714285,Philippines
2022-12-01,63.83,Philippines
2022-12-02,63.83714285714286,Philippines
2022-12-03,63.84428571428571,Philippines
2022-12-04,63.85142857142857,Philippines
2022-12-05,63.85857142857143,Philippines
2022-12-06,63.86571428571428,Philippines
2022-12-07,63.87285714285714,Philippines
2022-12-08,63.879999999999995,Philippines
2022-12-09,63.887142857142855,Philippines
2022-12-10,63.894285714285715,Philippines
2022-12-11,63.90142857142857,Philippines
2022-12-12,63.90857142857143,Philippines
2022-12-13,63.91571428571429,Philippines
2022-12-14,63.92285714285714,Philippines
2022-12-15,63.93,Philippines
2022-12-16,63.932857142857145,Philippines
2022-12-17,63.93571428571428,Philippines
2022-12-18,63.93857142857143,Philippines
2022-12-19,63.941428571428574,Philippines
2022-12-20,63.94428571428571,Philippines
2022-12-21,63.94714285714286,Philippines
2022-12-22,63.95,Philippines
2022-12-23,63.95285714285714,Philippines
2022-12-24,63.955714285714286,Philippines
2022-12-25,63.958571428571425,Philippines
2022-12-26,63.96142857142857,Philippines
2022-12-27,63.964285714285715,Philippines
2022-12-28,63.96714285714285,Philippines
2022-12-29,63.97,Philippines
2022-12-30,63.97142857142857,Philippines
2022-12-31,63.972857142857144,Philippines
2023-01-01,63.97428571428571,Philippines
2023-01-02,63.97571428571428,Philippines
2023-01-03,63.97714285714285,Philippines
2023-01-04,63.97857142857143,Philippines
2023-01-05,63.98,Philippines
2023-01-06,63.981428571428566,Philippines
2023-01-07,63.98285714285714,Philippines
2023-01-08,63.98428571428571,Philippines
2023-01-09,63.98571428571429,Philippines
2023-01-10,63.98714285714286,Philippines
2023-01-11,63.98857142857143,Philippines
2023-01-12,63.99,Philippines
2023-01-13,63.99142857142857,Philippines
2023-01-14,63.99285714285715,Philippines
2023-01-15,63.994285714285716,Philippines
2023-01-16,63.995714285714286,Philippines
2023-01-17,63.997142857142855,Philippines
2023-01-18,63.99857142857143,Philippines
2023-01-19,64.0,Philippines
2023-01-20,64.00214285714286,Philippines
2023-01-21,64.00428571428571,Philippines
2023-01-22,64.00642857142857,Philippines
2023-01-23,64.00857142857143,Philippines
2023-01-24,64.01071428571429,Philippines
2023-01-25,64.01285714285714,Philippines
2023-01-26,64.015,Philippines
2023-01-27,64.01714285714286,Philippines
2023-01-28,64.01928571428572,Philippines
2023-01-29,64.02142857142857,Philippines
2023-01-30,64.02357142857143,Philippines
2023-01-31,64.02571428571429,Philippines
2023-02-01,64.02785714285714,Philippines
2023-02-02,64.03,Philippines
2023-02-03,64.03285714285714,Philippines
2023-02-04,64.03571428571429,Philippines
2023-02-05,64.03857142857143,Philippines
2023-02-06,64.04142857142857,Philippines
2023-02-07,64.0442857142857,Philippines
2023-02-08,64.04714285714286,Philippines
2023-02-09,64.05,Philippines
2023-02-10,64.05,Philippines
2023-02-11,64.05,Philippines
2023-02-12,64.05,Philippines
2023-02-13,64.05,Philippines
2023-02-14,64.05,Philippines
2023-02-15,64.05,Philippines
2023-02-16,64.05,Philippines
2023-02-17,64.05142857142857,Philippines
2023-02-18,64.05285714285714,Philippines
2023-02-19,64.05428571428571,Philippines
2023-02-20,64.05571428571429,Philippines
2023-02-21,64.05714285714286,Philippines
2023-02-22,64.05857142857143,Philippines
2023-02-23,64.06,Philippines
2023-02-24,64.06142857142858,Philippines
2023-02-25,64.06285714285714,Philippines
2023-02-26,64.06428571428572,Philippines
2023-02-27,64.06571428571428,Philippines
2023-02-28,64.06714285714285,Philippines
2023-03-01,64.06857142857142,Philippines
2023-03-02,64.07,Philippines
2023-03-03,64.07142857142857,Philippines
2023-03-04,64.07285714285713,Philippines
2023-03-05,64.07428571428571,Philippines
2023-03-06,64.07571428571428,Philippines
2023-03-07,64.07714285714286,Philippines
2023-03-08,64.07857142857142,Philippines
2023-03-09,64.08,Philippines
2023-03-10,64.46,Philippines
2023-03-11,64.84,Philippines
2023-03-12,65.22,Philippines
2023-03-13,65.6,Philippines
2023-03-14,65.97999999999999,Philippines
2023-03-15,66.36,Philippines
2023-03-16,66.74,Philippines
2023-03-17,67.11999999999999,Philippines
2023-03-18,67.5,Philippines
2023-03-19,67.88,Philippines
2021-03-07,,Vietnam
2021-03-08,,Vietnam
2021-03-09,,Vietnam
2021-03-10,,Vietnam
2021-03-11,,Vietnam
2021-03-12,,Vietnam
2021-03-13,,Vietnam
2021-03-14,,Vietnam
2021-03-15,,Vietnam
2021-03-16,,Vietnam
2021-03-17,,Vietnam
2021-03-18,,Vietnam
2021-03-19,,Vietnam
2021-03-20,,Vietnam
2021-03-21,,Vietnam
2021-03-22,,Vietnam
2021-03-23,,Vietnam
2021-03-24,,Vietnam
2021-03-25,,Vietnam
2021-03-26,,Vietnam
2021-03-27,,Vietnam
2021-03-28,,Vietnam
2021-03-29,,Vietnam
2021-03-30,,Vietnam
2021-03-31,,Vietnam
2021-04-01,,Vietnam
2021-04-02,,Vietnam
2021-04-03,,Vietnam
2021-04-04,,Vietnam
2021-04-05,,Vietnam
2021-04-06,,Vietnam
2021-04-07,,Vietnam
2021-04-08,,Vietnam
2021-04-09,,Vietnam
2021-04-10,,Vietnam
2021-04-11,,Vietnam
2021-04-12,,Vietnam
2021-04-13,,Vietnam
2021-04-14,,Vietnam
2021-04-15,,Vietnam
2021-04-16,,Vietnam
2021-04-17,,Vietnam
2021-04-18,,Vietnam
2021-04-19,,Vietnam
2021-04-20,,Vietnam
2021-04-21,,Vietnam
2021-04-22,,Vietnam
2021-04-23,,Vietnam
2021-04-24,,Vietnam
2021-04-25,,Vietnam
2021-04-26,,Vietnam
2021-04-27,,Vietnam
2021-04-28,,Vietnam
2021-04-29,,Vietnam
2021-04-30,0.01,Vietnam
2021-05-01,0.010714285714285714,Vietnam
2021-05-02,0.011428571428571429,Vietnam
2021-05-03,0.012142857142857143,Vietnam
2021-05-04,0.012857142857142857,Vietnam
2021-05-05,0.013571428571428571,Vietnam
2021-05-06,0.014285714285714287,Vietnam
2021-05-07,0.015,Vietnam
2021-05-08,0.015714285714285715,Vietnam
2021-05-09,0.016428571428571428,Vietnam
2021-05-10,0.017142857142857144,Vietnam
2021-05-11,0.017857142857142856,Vietnam
2021-05-12,0.018571428571428572,Vietnam
2021-05-13,0.019285714285714288,Vietnam
2021-05-14,0.02,Vietnam
2021-05-15,0.02,Vietnam
2021-05-16,0.02,Vietnam
2021-05-17,0.025,Vietnam
2021-05-18,0.03,Vietnam
2021-05-19,0.03,Vietnam
2021-05-20,0.03,Vietnam
2021-05-21,0.03,Vietnam
2021-05-22,0.03,Vietnam
2021-05-23,0.03,Vietnam
2021-05-24,0.03,Vietnam
2021-05-25,0.03,Vietnam
2021-05-26,0.03,Vietnam
2021-05-27,0.03,Vietnam
2021-05-28,0.03,Vietnam
2021-05-29,0.03,Vietnam
2021-05-30,0.03,Vietnam
2021-05-31,0.03,Vietnam
2021-06-01,0.03,Vietnam
2021-06-02,0.03,Vietnam
2021-06-03,0.03,Vietnam
2021-06-04,0.03,Vietnam
2021-06-05,0.03,Vietnam
2021-06-06,0.03,Vietnam
2021-06-07,0.04,Vietnam
2021-06-08,0.04,Vietnam
2021-06-09,0.05,Vietnam
2021-06-10,0.05,Vietnam
2021-06-11,0.05,Vietnam
2021-06-12,0.06,Vietnam
2021-06-13,0.06,Vietnam
2021-06-14,0.06,Vietnam
2021-06-15,0.06,Vietnam
2021-06-16,0.07,Vietnam
2021-06-17,0.09,Vietnam
2021-06-18,0.11,Vietnam
2021-06-19,0.12,Vietnam
2021-06-20,0.12,Vietnam
2021-06-21,0.13,Vietnam
2021-06-22,0.14,Vietnam
2021-06-23,0.14,Vietnam
2021-06-24,0.15,Vietnam
2021-06-25,0.15,Vietnam
2021-06-26,0.16,Vietnam
2021-06-27,0.16,Vietnam
2021-06-28,0.18,Vietnam
2021-06-29,0.19,Vietnam
2021-06-30,0.2,Vietnam
2021-07-01,0.21,Vietnam
2021-07-02,0.22,Vietnam
2021-07-03,0.22,Vietnam
2021-07-04,0.23,Vietnam
2021-07-05,0.23,Vietnam
2021-07-06,0.24,Vietnam
2021-07-07,0.25,Vietnam
2021-07-08,0.25,Vietnam
2021-07-09,0.26,Vietnam
2021-07-10,0.28,Vietnam
2021-07-11,0.28,Vietnam
2021-07-12,0.29,Vietnam
2021-07-13,0.29,Vietnam
2021-07-14,0.29,Vietnam
2021-07-15,0.3,Vietnam
2021-07-16,0.3,Vietnam
2021-07-17,0.31,Vietnam
2021-07-18,0.31,Vietnam
2021-07-19,0.32,Vietnam
2021-07-20,0.32,Vietnam
2021-07-21,0.33,Vietnam
2021-07-22,0.34,Vietnam
2021-07-23,0.36,Vietnam
2021-07-24,0.38,Vietnam
2021-07-25,0.4,Vietnam
2021-07-26,0.43,Vietnam
2021-07-27,0.46,Vietnam
2021-07-28,0.51,Vietnam
2021-07-29,0.56,Vietnam
2021-07-30,0.6,Vietnam
2021-07-31,0.63,Vietnam
2021-08-01,0.67,Vietnam
2021-08-02,0.73,Vietnam
2021-08-03,0.76,Vietnam
2021-08-04,0.79,Vietnam
2021-08-05,0.84,Vietnam
2021-08-06,0.88,Vietnam
2021-08-07,0.9,Vietnam
2021-08-08,0.96,Vietnam
2021-08-09,1.02,Vietnam
2021-08-10,1.06,Vietnam
2021-08-11,1.11,Vietnam
2021-08-12,1.21,Vietnam
2021-08-13,1.3,Vietnam
2021-08-14,1.38,Vietnam
2021-08-15,1.4,Vietnam
2021-08-16,1.43,Vietnam
2021-08-17,1.51,Vietnam
2021-08-18,1.59,Vietnam
2021-08-19,1.67,Vietnam
2021-08-20,1.74,Vietnam
2021-08-21,1.82,Vietnam
2021-08-22,1.87,Vietnam
2021-08-23,1.96,Vietnam
2021-08-24,2.08,Vietnam
2021-08-25,2.18,Vietnam
2021-08-26,2.28,Vietnam
2021-08-27,2.37,Vietnam
2021-08-28,2.48,Vietnam
2021-08-29,2.57,Vietnam
2021-08-30,2.67,Vietnam
2021-08-31,2.78,Vietnam
2021-09-01,2.93,Vietnam
2021-09-02,3.01,Vietnam
2021-09-03,3.1,Vietnam
2021-09-04,3.26,Vietnam
2021-09-05,3.4,Vietnam
2021-09-06,3.51,Vietnam
2021-09-07,3.84,Vietnam
2021-09-08,4.27,Vietnam
2021-09-09,4.55,Vietnam
2021-09-10,4.83,Vietnam
2021-09-11,5.15,Vietnam
2021-09-12,5.42,Vietnam
2021-09-13,5.73,Vietnam
2021-09-14,5.94,Vietnam
2021-09-15,6.1,Vietnam
2021-09-16,6.3,Vietnam
2021-09-17,6.46,Vietnam
2021-09-18,6.64,Vietnam
2021-09-19,6.76,Vietnam
2021-09-20,6.91,Vietnam
2021-09-21,7.06,Vietnam
2021-09-22,7.19,Vietnam
2021-09-23,7.39,Vietnam
2021-09-24,7.7,Vietnam
2021-09-25,8.09,Vietnam
2021-09-26,8.44,Vietnam
2021-09-27,8.76,Vietnam
2021-09-28,9.15,Vietnam
2021-09-29,9.67,Vietnam
2021-09-30,10.0,Vietnam
2021-10-01,10.31,Vietnam
2021-10-02,10.68,Vietnam
2021-10-03,11.07,Vietnam
2021-10-04,11.83,Vietnam
2021-10-05,12.45,Vietnam
2021-10-06,13.04,Vietnam
2021-10-07,13.774999999999999,Vietnam
2021-10-08,14.51,Vietnam
2021-10-09,15.19,Vietnam
2021-10-10,15.87,Vietnam
2021-10-11,16.44,Vietnam
2021-10-12,16.8,Vietnam
2021-10-13,17.11,Vietnam
2021-10-14,17.51,Vietnam
2021-10-15,17.845,Vietnam
2021-10-16,18.18,Vietnam
2021-10-17,18.49,Vietnam
2021-10-18,18.84,Vietnam
2021-10-19,19.44,Vietnam
2021-10-20,19.82,Vietnam
2021-10-21,20.465,Vietnam
2021-10-22,21.11,Vietnam
2021-10-23,21.43,Vietnam
2021-10-24,22.2495,Vietnam
2021-10-25,23.069,Vietnam
2021-10-26,23.8885,Vietnam
2021-10-27,24.708,Vietnam
2021-10-28,25.5275,Vietnam
2021-10-29,26.347,Vietnam
2021-10-30,27.1665,Vietnam
2021-10-31,27.986,Vietnam
2021-11-01,28.8055,Vietnam
2021-11-02,29.625,Vietnam
2021-11-03,30.444499999999998,Vietnam
2021-11-04,31.264,Vietnam
2021-11-05,32.0835,Vietnam
2021-11-06,32.903,Vietnam
2021-11-07,33.7225,Vietnam
2021-11-08,34.542,Vietnam
2021-11-09,35.3615,Vietnam
2021-11-10,36.181,Vietnam
2021-11-11,37.0005,Vietnam
2021-11-12,37.82,Vietnam
2021-11-13,38.6395,Vietnam
2021-11-14,39.459,Vietnam
2021-11-15,40.2785,Vietnam
2021-11-16,41.098,Vietnam
2021-11-17,41.917500000000004,Vietnam
2021-11-18,42.736999999999995,Vietnam
2021-11-19,43.5565,Vietnam
2021-11-20,44.376000000000005,Vietnam
2021-11-21,45.195499999999996,Vietnam
2021-11-22,46.015,Vietnam
2021-11-23,46.8345,Vietnam
2021-11-24,47.653999999999996,Vietnam
2021-11-25,48.4735,Vietnam
2021-11-26,49.293,Vietnam
2021-11-27,50.1125,Vietnam
2021-11-28,50.932,Vietnam
2021-11-29,51.7515,Vietnam
2021-11-30,52.571,Vietnam
2021-12-01,53.3905,Vietnam
2021-12-02,54.21,Vietnam
2021-12-03,54.67,Vietnam
2021-12-04,55.13,Vietnam
2021-12-05,55.59,Vietnam
2021-12-06,56.05,Vietnam
2021-12-07,56.51,Vietnam
2021-12-08,56.97,Vietnam
2021-12-09,57.43,Vietnam
2021-12-10,58.01428571428571,Vietnam
2021-12-11,58.598571428571425,Vietnam
2021-12-12,59.182857142857145,Vietnam
2021-12-13,59.76714285714286,Vietnam
2021-12-14,60.35142857142857,Vietnam
2021-12-15,60.93571428571428,Vietnam
2021-12-16,61.52,Vietnam
2021-12-17,62.104285714285716,Vietnam
2021-12-18,62.68857142857143,Vietnam
2021-12-19,63.27285714285714,Vietnam
2021-12-20,63.85714285714286,Vietnam
2021-12-21,64.44142857142857,Vietnam
2021-12-22,65.02571428571429,Vietnam
2021-12-23,65.61,Vietnam
2021-12-24,66.19428571428571,Vietnam
2021-12-25,66.77857142857142,Vietnam
2021-12-26,67.36285714285714,Vietnam
2021-12-27,67.94714285714286,Vietnam
2021-12-28,68.53142857142858,Vietnam
2021-12-29,69.11571428571429,Vietnam
2021-12-30,69.7,Vietnam
2021-12-31,69.9557142857143,Vietnam
2022-01-01,70.21142857142857,Vietnam
2022-01-02,70.46714285714286,Vietnam
2022-01-03,70.72285714285715,Vietnam
2022-01-04,70.97857142857143,Vietnam
2022-01-05,71.23428571428572,Vietnam
2022-01-06,71.49000000000001,Vietnam
2022-01-07,71.74571428571429,Vietnam
2022-01-08,72.00142857142858,Vietnam
2022-01-09,72.25714285714285,Vietnam
2022-01-10,72.51285714285714,Vietnam
2022-01-11,72.76857142857143,Vietnam
2022-01-12,73.02428571428571,Vietnam
2022-01-13,73.28,Vietnam
2022-01-14,73.38363636363637,Vietnam
2022-01-15,73.48727272727272,Vietnam
2022-01-16,73.5909090909091,Vietnam
2022-01-17,73.69454545454546,Vietnam
2022-01-18,73.79818181818182,Vietnam
2022-01-19,73.90181818181819,Vietnam
2022-01-20,74.00545454545454,Vietnam
2022-01-21,74.10909090909091,Vietnam
2022-01-22,74.21272727272728,Vietnam
2022-01-23,74.31636363636363,Vietnam
2022-01-24,74.42,Vietnam
2022-01-25,74.52363636363637,Vietnam
2022-01-26,74.62727272727273,Vietnam
2022-01-27,74.7309090909091,Vietnam
2022-01-28,74.83454545454546,Vietnam
2022-01-29,74.93818181818182,Vietnam
2022-01-30,75.04181818181819,Vietnam
2022-01-31,75.14545454545454,Vietnam
2022-02-01,75.24909090909091,Vietnam
2022-02-02,75.35272727272728,Vietnam
2022-02-03,75.45636363636363,Vietnam
2022-02-04,75.56,Vietnam
2022-02-05,75.87666666666667,Vietnam
2022-02-06,76.19333333333333,Vietnam
2022-02-07,76.50999999999999,Vietnam
2022-02-08,76.82666666666667,Vietnam
2022-02-09,77.14333333333333,Vietnam
2022-02-10,77.46,Vietnam
2022-02-11,77.52,Vietnam
2022-02-12,77.57,Vietnam
2022-02-13,77.59,Vietnam
2022-02-14,77.648,Vietnam
2022-02-15,77.706,Vietnam
2022-02-16,77.76400000000001,Vietnam
2022-02-17,77.822,Vietnam
2022-02-18,77.88,Vietnam
2022-02-19,77.938,Vietnam
2022-02-20,77.99600000000001,Vietnam
2022-02-21,78.054,Vietnam
2022-02-22,78.112,Vietnam
2022-02-23,78.17,Vietnam
2022-02-24,78.18,Vietnam
2022-02-25,78.19,Vietnam
2022-02-26,78.2,Vietnam
2022-02-27,78.22,Vietnam
2022-02-28,78.48,Vietnam
2022-03-01,78.49,Vietnam
2022-03-02,78.52,Vietnam
2022-03-03,78.63,Vietnam
2022-03-04,78.74,Vietnam
2022-03-05,78.85,Vietnam
2022-03-06,78.89,Vietnam
2022-03-07,78.92,Vietnam
2022-03-08,78.94,Vietnam
2022-03-09,78.96,Vietnam
2022-03-10,78.98333333333333,Vietnam
2022-03-11,79.00666666666666,Vietnam
2022-03-12,79.03,Vietnam
2022-03-13,79.04333333333334,Vietnam
2022-03-14,79.05666666666666,Vietnam
2022-03-15,79.07,Vietnam
2022-03-16,79.08333333333333,Vietnam
2022-03-17,79.09666666666666,Vietnam
2022-03-18,79.11,Vietnam
2022-03-19,79.11,Vietnam
2022-03-20,79.12,Vietnam
2022-03-21,79.13,Vietnam
2022-03-22,79.19,Vietnam
2022-03-23,79.21666666666667,Vietnam
2022-03-24,79.24333333333333,Vietnam
2022-03-25,79.27,Vietnam
2022-03-26,79.28,Vietnam
2022-03-27,79.29,Vietnam
2022-03-28,79.31,Vietnam
2022-03-29,79.35,Vietnam
2022-03-30,79.365,Vietnam
2022-03-31,79.38,Vietnam
2022-04-01,79.38499999999999,Vietnam
2022-04-02,79.39,Vietnam
2022-04-03,79.4,Vietnam
2022-04-04,79.41,Vietnam
2022-04-05,79.42,Vietnam
2022-04-06,79.42,Vietnam
2022-04-07,79.63,Vietnam
2022-04-08,79.84,Vietnam
2022-04-09,79.85,Vietnam
2022-04-10,79.85333333333332,Vietnam
2022-04-11,79.85666666666667,Vietnam
2022-04-12,79.86,Vietnam
2022-04-13,79.87,Vietnam
2022-04-14,79.88,Vietnam
2022-04-15,79.89,Vietnam
2022-04-16,79.9,Vietnam
2022-04-17,79.91,Vietnam
2022-04-18,79.92,Vietnam
2022-04-19,79.93,Vietnam
2022-04-20,79.95,Vietnam
2022-04-21,79.99,Vietnam
2022-04-22,80.0,Vietnam
2022-04-23,80.01,Vietnam
2022-04-24,80.01,Vietnam
2022-04-25,80.04,Vietnam
2022-04-26,80.04,Vietnam
2022-04-27,80.05,Vietnam
2022-04-28,80.06,Vietnam
2022-04-29,80.06,Vietnam
2022-04-30,80.07,Vietnam
2022-05-01,80.07,Vietnam
2022-05-02,80.07,Vietnam
2022-05-03,80.07,Vietnam
2022-05-04,80.08,Vietnam
2022-05-05,80.08,Vietnam
2022-05-06,80.09,Vietnam
2022-05-07,80.09,Vietnam
2022-05-08,80.09,Vietnam
2022-05-09,80.1,Vietnam
2022-05-10,80.1,Vietnam
2022-05-11,80.10499999999999,Vietnam
2022-05-12,80.11,Vietnam
2022-05-13,80.11666666666666,Vietnam
2022-05-14,80.12333333333333,Vietnam
2022-05-15,80.13,Vietnam
2022-05-16,80.14,Vietnam
2022-05-17,80.14,Vietnam
2022-05-18,80.15,Vietnam
2022-05-19,80.165,Vietnam
2022-05-20,80.18,Vietnam
2022-05-21,80.19,Vietnam
2022-05-22,80.19,Vietnam
2022-05-23,80.25,Vietnam
2022-05-24,80.31,Vietnam
2022-05-25,80.37,Vietnam
2022-05-26,80.44,Vietnam
2022-05-27,80.47,Vietnam
2022-05-28,80.49000000000001,Vietnam
2022-05-29,80.51,Vietnam
2022-05-30,80.61,Vietnam
2022-05-31,80.71,Vietnam
2022-06-01,80.77,Vietnam
2022-06-02,80.8,Vietnam
2022-06-03,80.84,Vietnam
2022-06-04,80.87,Vietnam
2022-06-05,80.88,Vietnam
2022-06-06,80.89,Vietnam
2022-06-07,80.9,Vietnam
2022-06-08,80.93,Vietnam
2022-06-09,80.97,Vietnam
2022-06-10,80.99,Vietnam
2022-06-11,80.99,Vietnam
2022-06-12,81.01,Vietnam
2022-06-13,81.02,Vietnam
2022-06-14,81.05333333333333,Vietnam
2022-06-15,81.08666666666667,Vietnam
2022-06-16,81.12,Vietnam
2022-06-17,81.17,Vietnam
2022-06-18,81.24,Vietnam
2022-06-19,81.26,Vietnam
2022-06-20,81.28277777777778,Vietnam
2022-06-21,81.30555555555556,Vietnam
2022-06-22,81.32833333333333,Vietnam
2022-06-23,81.35111111111111,Vietnam
2022-06-24,81.3738888888889,Vietnam
2022-06-25,81.39666666666668,Vietnam
2022-06-26,81.41944444444445,Vietnam
2022-06-27,81.44222222222223,Vietnam
2022-06-28,81.465,Vietnam
2022-06-29,81.48777777777778,Vietnam
2022-06-30,81.51055555555556,Vietnam
2022-07-01,81.53333333333333,Vietnam
2022-07-02,81.55611111111111,Vietnam
2022-07-03,81.5788888888889,Vietnam
2022-07-04,81.60166666666667,Vietnam
2022-07-05,81.62444444444445,Vietnam
2022-07-06,81.64722222222223,Vietnam
2022-07-07,81.67,Vietnam
2022-07-08,81.73214285714286,Vietnam
2022-07-09,81.79428571428572,Vietnam
2022-07-10,81.85642857142858,Vietnam
2022-07-11,81.91857142857143,Vietnam
2022-07-12,81.98071428571428,Vietnam
2022-07-13,82.04285714285714,Vietnam
2022-07-14,82.105,Vietnam
2022-07-15,82.16714285714286,Vietnam
2022-07-16,82.22928571428572,Vietnam
2022-07-17,82.29142857142858,Vietnam
2022-07-18,82.35357142857143,Vietnam
2022-07-19,82.41571428571429,Vietnam
2022-07-20,82.47785714285715,Vietnam
2022-07-21,82.54,Vietnam
2022-07-22,82.61,Vietnam
2022-07-23,82.68,Vietnam
2022-07-24,82.75,Vietnam
2022-07-25,82.82000000000001,Vietnam
2022-07-26,82.89,Vietnam
2022-07-27,82.96000000000001,Vietnam
2022-07-28,83.03,Vietnam
2022-07-29,83.1,Vietnam
2022-07-30,83.17,Vietnam
2022-07-31,83.24,Vietnam
2022-08-01,83.31,Vietnam
2022-08-02,83.38,Vietnam
2022-08-03,83.45,Vietnam
2022-08-04,83.52,Vietnam
2022-08-05,83.59214285714285,Vietnam
2022-08-06,83.66428571428571,Vietnam
2022-08-07,83.73642857142858,Vietnam
2022-08-08,83.80857142857143,Vietnam
2022-08-09,83.88071428571428,Vietnam
2022-08-10,83.95285714285714,Vietnam
2022-08-11,84.025,Vietnam
2022-08-12,84.09714285714286,Vietnam
2022-08-13,84.1692857142857,Vietnam
2022-08-14,84.24142857142857,Vietnam
2022-08-15,84.31357142857144,Vietnam
2022-08-16,84.38571428571429,Vietnam
2022-08-17,84.45785714285714,Vietnam
2022-08-18,84.53,Vietnam
2022-08-19,84.57857142857142,Vietnam
2022-08-20,84.62714285714286,Vietnam
2022-08-21,84.67571428571429,Vietnam
2022-08-22,84.72428571428571,Vietnam
2022-08-23,84.77285714285713,Vietnam
2022-08-24,84.82142857142857,Vietnam
2022-08-25,84.87,Vietnam
2022-08-26,84.91857142857143,Vietnam
2022-08-27,84.96714285714285,Vietnam
2022-08-28,85.01571428571428,Vietnam
2022-08-29,85.06428571428572,Vietnam
2022-08-30,85.11285714285714,Vietnam
2022-08-31,85.16142857142856,Vietnam
2022-09-01,85.21,Vietnam
2022-09-02,85.23714285714286,Vietnam
2022-09-03,85.2642857142857,Vietnam
2022-09-04,85.29142857142857,Vietnam
2022-09-05,85.31857142857143,Vietnam
2022-09-06,85.3457142857143,Vietnam
2022-09-07,85.37285714285714,Vietnam
2022-09-08,85.4,Vietnam
2022-09-09,85.43142857142858,Vietnam
2022-09-10,85.46285714285715,Vietnam
2022-09-11,85.49428571428572,Vietnam
2022-09-12,85.52571428571429,Vietnam
2022-09-13,85.55714285714286,Vietnam
2022-09-14,85.58857142857143,Vietnam
2022-09-15,85.62,Vietnam
2022-09-16,85.64428571428572,Vietnam
2022-09-17,85.66857142857144,Vietnam
2022-09-18,85.69285714285715,Vietnam
2022-09-19,85.71714285714286,Vietnam
2022-09-20,85.74142857142857,Vietnam
2022-09-21,85.7657142857143,Vietnam
2022-09-22,85.79,Vietnam
2022-09-23,85.804,Vietnam
2022-09-24,85.81800000000001,Vietnam
2022-09-25,85.83200000000001,Vietnam
2022-09-26,85.846,Vietnam
2022-09-27,85.86000000000001,Vietnam
2022-09-28,85.87400000000001,Vietnam
2022-09-29,85.888,Vietnam
2022-09-30,85.902,Vietnam
2022-10-01,85.91600000000001,Vietnam
2022-10-02,85.93,Vietnam
2022-10-03,85.935,Vietnam
2022-10-04,85.94,Vietnam
2022-10-05,85.94500000000001,Vietnam
2022-10-06,85.95,Vietnam
2022-10-07,85.95,Vietnam
2022-10-08,85.95,Vietnam
2022-10-09,85.95,Vietnam
2022-10-10,85.95,Vietnam
2022-10-11,85.95,Vietnam
2022-10-12,85.95,Vietnam
2022-10-13,85.95,Vietnam
2022-10-14,85.9557142857143,Vietnam
2022-10-15,85.96142857142857,Vietnam
2022-10-16,85.96714285714286,Vietnam
2022-10-17,85.97285714285714,Vietnam
2022-10-18,85.97857142857143,Vietnam
2022-10-19,85.9842857142857,Vietnam
2022-10-20,85.99,Vietnam
2022-10-21,85.99285714285713,Vietnam
2022-10-22,85.99571428571429,Vietnam
2022-10-23,85.99857142857142,Vietnam
2022-10-24,86.00142857142858,Vietnam
2022-10-25,86.00428571428571,Vietnam
2022-10-26,86.00714285714287,Vietnam
2022-10-27,86.01,Vietnam
2022-10-28,86.01285714285714,Vietnam
2022-10-29,86.0157142857143,Vietnam
2022-10-30,86.01857142857143,Vietnam
2022-10-31,86.02142857142857,Vietnam
2022-11-01,86.02428571428571,Vietnam
2022-11-02,86.02714285714286,Vietnam
2022-11-03,86.03,Vietnam
2022-11-04,86.04571428571428,Vietnam
2022-11-05,86.06142857142858,Vietnam
2022-11-06,86.07714285714286,Vietnam
2022-11-07,86.09285714285714,Vietnam
2022-11-08,86.10857142857142,Vietnam
2022-11-09,86.12428571428572,Vietnam
2022-11-10,86.14,Vietnam
2022-11-11,86.15571428571428,Vietnam
2022-11-12,86.17142857142858,Vietnam
2022-11-13,86.18714285714286,Vietnam
2022-11-14,86.20285714285714,Vietnam
2022-11-15,86.21857142857142,Vietnam
2022-11-16,86.23428571428572,Vietnam
2022-11-17,86.25,Vietnam
2022-11-18,86.29,Vietnam
2022-11-19,86.33,Vietnam
2022-11-20,86.37,Vietnam
2022-11-21,86.41,Vietnam
2022-11-22,86.45,Vietnam
2022-11-23,86.49,Vietnam
2022-11-24,86.53,Vietnam
2022-11-25,86.57000000000001,Vietnam
2022-11-26,86.61,Vietnam
2022-11-27,86.65,Vietnam
2022-11-28,86.69,Vietnam
2022-11-29,86.73,Vietnam
2022-11-30,86.77,Vietnam
2022-12-01,86.81,Vietnam
2022-12-02,86.83285714285715,Vietnam
2022-12-03,86.85571428571428,Vietnam
2022-12-04,86.87857142857143,Vietnam
2022-12-05,86.90142857142857,Vietnam
2022-12-06,86.92428571428572,Vietnam
2022-12-07,86.94714285714285,Vietnam
2022-12-08,86.97,Vietnam
2022-12-09,86.99285714285715,Vietnam
2022-12-10,87.01571428571428,Vietnam
2022-12-11,87.03857142857143,Vietnam
2022-12-12,87.06142857142856,Vietnam
2022-12-13,87.08428571428571,Vietnam
2022-12-14,87.10714285714285,Vietnam
2022-12-15,87.13,Vietnam
2022-12-16,87.15285714285714,Vietnam
2022-12-17,87.17571428571428,Vietnam
2022-12-18,87.19857142857143,Vietnam
2022-12-19,87.22142857142858,Vietnam
2022-12-20,87.24428571428572,Vietnam
2022-12-21,87.26714285714286,Vietnam
2022-12-22,87.29,Vietnam
2022-12-23,87.30000000000001,Vietnam
2022-12-24,87.31,Vietnam
2022-12-25,87.32000000000001,Vietnam
2022-12-26,87.33000000000001,Vietnam
2022-12-27,87.34,Vietnam
2022-12-28,87.35000000000001,Vietnam
2022-12-29,87.36000000000001,Vietnam
2022-12-30,87.37,Vietnam
2022-12-31,87.38000000000001,Vietnam
2023-01-01,87.39,Vietnam
2023-01-02,87.4,Vietnam
2023-01-03,87.41000000000001,Vietnam
2023-01-04,87.42,Vietnam
2023-01-05,87.43,Vietnam
2023-01-06,87.4302380952381,Vietnam
2023-01-07,87.4304761904762,Vietnam
2023-01-08,87.43071428571429,Vietnam
2023-01-09,87.43095238095239,Vietnam
2023-01-10,87.43119047619048,Vietnam
2023-01-11,87.43142857142858,Vietnam
2023-01-12,87.43166666666667,Vietnam
2023-01-13,87.43190476190478,Vietnam
2023-01-14,87.43214285714286,Vietnam
2023-01-15,87.43238095238095,Vietnam
2023-01-16,87.43261904761906,Vietnam
2023-01-17,87.43285714285715,Vietnam
2023-01-18,87.43309523809525,Vietnam
2023-01-19,87.43333333333334,Vietnam
2023-01-20,87.43357142857144,Vietnam
2023-01-21,87.43380952380953,Vietnam
2023-01-22,87.43404761904762,Vietnam
2023-01-23,87.43428571428572,Vietnam
2023-01-24,87.43452380952381,Vietnam
2023-01-25,87.43476190476191,Vietnam
2023-01-26,87.435,Vietnam
2023-01-27,87.4352380952381,Vietnam
2023-01-28,87.4354761904762,Vietnam
2023-01-29,87.4357142857143,Vietnam
2023-01-30,87.43595238095239,Vietnam
2023-01-31,87.43619047619048,Vietnam
2023-02-01,87.43642857142858,Vietnam
2023-02-02,87.43666666666667,Vietnam
2023-02-03,87.43690476190477,Vietnam
2023-02-04,87.43714285714286,Vietnam
2023-02-05,87.43738095238096,Vietnam
2023-02-06,87.43761904761905,Vietnam
2023-02-07,87.43785714285715,Vietnam
2023-02-08,87.43809523809524,Vietnam
2023-02-09,87.43833333333333,Vietnam
2023-02-10,87.43857142857144,Vietnam
2023-02-11,87.43880952380952,Vietnam
2023-02-12,87.43904761904763,Vietnam
2023-02-13,87.43928571428572,Vietnam
2023-02-14,87.43952380952382,Vietnam
2023-02-15,87.43976190476191,Vietnam
2023-02-16,87.44,Vietnam
2023-02-17,87.4402380952381,Vietnam
2023-02-18,87.44047619047619,Vietnam
2023-02-19,87.4407142857143,Vietnam
2023-02-20,87.44095238095238,Vietnam
2023-02-21,87.44119047619049,Vietnam
2023-02-22,87.44142857142857,Vietnam
2023-02-23,87.44166666666668,Vietnam
2023-02-24,87.44190476190477,Vietnam
2023-02-25,87.44214285714285,Vietnam
2023-02-26,87.44238095238096,Vietnam
2023-02-27,87.44261904761905,Vietnam
2023-02-28,87.44285714285715,Vietnam
2023-03-01,87.44309523809524,Vietnam
2023-03-02,87.44333333333334,Vietnam
2023-03-03,87.44357142857143,Vietnam
2023-03-04,87.44380952380953,Vietnam
2023-03-05,87.44404761904762,Vietnam
2023-03-06,87.44428571428571,Vietnam
2023-03-07,87.44452380952382,Vietnam
2023-03-08,87.4447619047619,Vietnam
2023-03-09,87.44500000000001,Vietnam
2023-03-10,87.4452380952381,Vietnam
2023-03-11,87.4454761904762,Vietnam
2023-03-12,87.44571428571429,Vietnam
2023-03-13,87.44595238095239,Vietnam
2023-03-14,87.44619047619048,Vietnam
2023-03-15,87.44642857142857,Vietnam
2023-03-16,87.44666666666667,Vietnam
2023-03-17,87.44690476190476,Vietnam
2023-03-18,87.44714285714286,Vietnam
2023-03-19,87.44738095238095,Vietnam
2023-03-20,87.44761904761906,Vietnam
2023-03-21,87.44785714285715,Vietnam
2023-03-22,87.44809523809523,Vietnam
2023-03-23,87.44833333333334,Vietnam
2023-03-24,87.44857142857143,Vietnam
2023-03-25,87.44880952380953,Vietnam
2023-03-26,87.44904761904762,Vietnam
2023-03-27,87.44928571428572,Vietnam
2023-03-28,87.44952380952381,Vietnam
2023-03-29,87.44976190476191,Vietnam
2023-03-30,87.45,Vietnam
2023-03-31,87.45190476190477,Vietnam
2023-04-01,87.45380952380953,Vietnam
2023-04-02,87.4557142857143,Vietnam
2023-04-03,87.45761904761905,Vietnam
2023-04-04,87.45952380952382,Vietnam
2023-04-05,87.46142857142857,Vietnam
2023-04-06,87.46333333333334,Vietnam
2023-04-07,87.46523809523809,Vietnam
2023-04-08,87.46714285714286,Vietnam
2023-04-09,87.46904761904761,Vietnam
2023-04-10,87.47095238095238,Vietnam
2023-04-11,87.47285714285714,Vietnam
2023-04-12,87.4747619047619,Vietnam
2023-04-13,87.47666666666666,Vietnam
2023-04-14,87.47857142857143,Vietnam
2023-04-15,87.48047619047618,Vietnam
2023-04-16,87.48238095238095,Vietnam
2023-04-17,87.4842857142857,Vietnam
2023-04-18,87.48619047619047,Vietnam
2023-04-19,87.48809523809523,Vietnam
2023-04-20,87.49,Vietnam
2023-04-21,87.49142857142857,Vietnam
2023-04-22,87.49285714285713,Vietnam
2023-04-23,87.49428571428571,Vietnam
2023-04-24,87.49571428571429,Vietnam
2023-04-25,87.49714285714286,Vietnam
2023-04-26,87.49857142857142,Vietnam
2023-04-27,87.5,Vietnam
2023-04-28,87.50142857142858,Vietnam
2023-04-29,87.50285714285714,Vietnam
2023-04-30,87.50428571428571,Vietnam
2023-05-01,87.50571428571429,Vietnam
2023-05-02,87.50714285714287,Vietnam
2023-05-03,87.50857142857143,Vietnam
2023-05-04,87.51,Vietnam
2023-05-05,87.51142857142858,Vietnam
2023-05-06,87.51285714285714,Vietnam
2023-05-07,87.51428571428572,Vietnam
2023-05-08,87.51571428571428,Vietnam
2023-05-09,87.51714285714286,Vietnam
2023-05-10,87.51857142857142,Vietnam
2023-05-11,87.52,Vietnam
2023-05-12,87.52142857142857,Vietnam
2023-05-13,87.52285714285713,Vietnam
2023-05-14,87.52428571428571,Vietnam
2023-05-15,87.52571428571429,Vietnam
2023-05-16,87.52714285714286,Vietnam
2023-05-17,87.52857142857142,Vietnam
2023-05-18,87.53,Vietnam
2023-05-19,87.53142857142858,Vietnam
2023-05-20,87.53285714285714,Vietnam
2023-05-21,87.53428571428572,Vietnam
2023-05-22,87.53571428571429,Vietnam
2023-05-23,87.53714285714287,Vietnam
2023-05-24,87.53857142857143,Vietnam
2023-05-25,87.54,Vietnam
2023-05-26,87.54,Vietnam
2023-05-27,87.54,Vietnam
2023-05-28,87.54,Vietnam
2023-05-29,87.54,Vietnam
2023-05-30,87.54,Vietnam
2023-05-31,87.54,Vietnam
2023-06-01,87.54,Vietnam
2023-06-02,87.54142857142858,Vietnam
2023-06-03,87.54285714285714,Vietnam
2023-06-04,87.54428571428572,Vietnam
2023-06-05,87.54571428571428,Vietnam
2023-06-06,87.54714285714286,Vietnam
2023-06-07,87.54857142857142,Vietnam
2023-06-08,87.55,Vietnam
2023-06-09,87.55,Vietnam
2023-06-10,87.55,Vietnam
2023-06-11,87.55,Vietnam
2023-06-12,87.55,Vietnam
2023-06-13,87.55,Vietnam
2023-06-14,87.55,Vietnam
2023-06-15,87.55,Vietnam
2023-06-16,87.55,Vietnam
2023-06-17,87.55,Vietnam
2023-06-18,87.55,Vietnam
2023-06-19,87.55,Vietnam
2023-06-20,87.55,Vietnam
2023-06-21,87.55,Vietnam
2023-06-22,87.55,Vietnam
2023-06-23,87.55,Vietnam
2023-06-24,87.55,Vietnam
2023-06-25,87.55,Vietnam
2023-06-26,87.55,Vietnam
2023-06-27,87.55,Vietnam
2023-06-28,87.55,Vietnam
2023-06-29,87.55,Vietnam
2023-06-30,87.55,Vietnam
2021-02-24,0.0,Malaysia
2021-02-25,0.0,Malaysia
2021-02-26,0.0,Malaysia
2021-02-27,0.0,Malaysia
2021-02-28,0.0,Malaysia
2021-03-01,0.0,Malaysia
2021-03-02,0.0,Malaysia
2021-03-03,0.0,Malaysia
2021-03-04,0.0,Malaysia
2021-03-05,0.0,Malaysia
2021-03-06,0.0,Malaysia
2021-03-07,0.0,Malaysia
2021-03-08,0.0,Malaysia
2021-03-09,0.0,Malaysia
2021-03-10,0.0,Malaysia
2021-03-11,0.0,Malaysia
2021-03-12,0.0,Malaysia
2021-03-13,0.0,Malaysia
2021-03-14,0.0,Malaysia
2021-03-15,0.0,Malaysia
2021-03-16,0.0,Malaysia
2021-03-17,0.0,Malaysia
2021-03-18,0.0,Malaysia
2021-03-19,0.01,Malaysia
2021-03-20,0.03,Malaysia
2021-03-21,0.05,Malaysia
2021-03-22,0.09,Malaysia
2021-03-23,0.15,Malaysia
2021-03-24,0.22,Malaysia
2021-03-25,0.28,Malaysia
2021-03-26,0.32,Malaysia
2021-03-27,0.36,Malaysia
2021-03-28,0.4,Malaysia
2021-03-29,0.48,Malaysia
2021-03-30,0.56,Malaysia
2021-03-31,0.65,Malaysia
2021-04-01,0.72,Malaysia
2021-04-02,0.79,Malaysia
2021-04-03,0.83,Malaysia
2021-04-04,0.86,Malaysia
2021-04-05,0.92,Malaysia
2021-04-06,0.98,Malaysia
2021-04-07,1.04,Malaysia
2021-04-08,1.08,Malaysia
2021-04-09,1.12,Malaysia
2021-04-10,1.15,Malaysia
2021-04-11,1.18,Malaysia
2021-04-12,1.23,Malaysia
2021-04-13,1.25,Malaysia
2021-04-14,1.27,Malaysia
2021-04-15,1.3,Malaysia
2021-04-16,1.31,Malaysia
2021-04-17,1.31,Malaysia
2021-04-18,1.32,Malaysia
2021-04-19,1.35,Malaysia
2021-04-20,1.38,Malaysia
2021-04-21,1.42,Malaysia
2021-04-22,1.46,Malaysia
2021-04-23,1.48,Malaysia
2021-04-24,1.49,Malaysia
2021-04-25,1.51,Malaysia
2021-04-26,1.54,Malaysia
2021-04-27,1.57,Malaysia
2021-04-28,1.61,Malaysia
2021-04-29,1.63,Malaysia
2021-04-30,1.65,Malaysia
2021-05-01,1.66,Malaysia
2021-05-02,1.69,Malaysia
2021-05-03,1.76,Malaysia
2021-05-04,1.82,Malaysia
2021-05-05,1.89,Malaysia
2021-05-06,1.95,Malaysia
2021-05-07,1.99,Malaysia
2021-05-08,2.02,Malaysia
2021-05-09,2.04,Malaysia
2021-05-10,2.11,Malaysia
2021-05-11,2.16,Malaysia
2021-05-12,2.19,Malaysia
2021-05-13,2.19,Malaysia
2021-05-14,2.19,Malaysia
2021-05-15,2.19,Malaysia
2021-05-16,2.19,Malaysia
2021-05-17,2.27,Malaysia
2021-05-18,2.37,Malaysia
2021-05-19,2.47,Malaysia
2021-05-20,2.53,Malaysia
2021-05-21,2.59,Malaysia
2021-05-22,2.6,Malaysia
2021-05-23,2.62,Malaysia
2021-05-24,2.7,Malaysia
2021-05-25,2.79,Malaysia
2021-05-26,2.8,Malaysia
2021-05-27,2.94,Malaysia
2021-05-28,3.02,Malaysia
2021-05-29,3.07,Malaysia
2021-05-30,3.14,Malaysia
2021-05-31,3.23,Malaysia
2021-06-01,3.3,Malaysia
2021-06-02,3.33,Malaysia
2021-06-03,3.35,Malaysia
2021-06-04,3.37,Malaysia
2021-06-05,3.37,Malaysia
2021-06-06,3.37,Malaysia
2021-06-07,3.39,Malaysia
2021-06-08,3.53,Malaysia
2021-06-09,3.65,Malaysia
2021-06-10,3.79,Malaysia
2021-06-11,3.88,Malaysia
2021-06-12,3.98,Malaysia
2021-06-13,4.06,Malaysia
2021-06-14,4.22,Malaysia
2021-06-15,4.39,Malaysia
2021-06-16,4.41,Malaysia
2021-06-17,4.54,Malaysia
2021-06-18,4.64,Malaysia
2021-06-19,4.75,Malaysia
2021-06-20,4.82,Malaysia
2021-06-21,4.98,Malaysia
2021-06-22,5.16,Malaysia
2021-06-23,5.4,Malaysia
2021-06-24,5.68,Malaysia
2021-06-25,5.88,Malaysia
2021-06-26,6.04,Malaysia
2021-06-27,6.24,Malaysia
2021-06-28,6.37,Malaysia
2021-06-29,6.62,Malaysia
2021-06-30,6.9,Malaysia
2021-07-01,7.16,Malaysia
2021-07-02,7.37,Malaysia
2021-07-03,7.6,Malaysia
2021-07-04,7.84,Malaysia
2021-07-05,8.2,Malaysia
2021-07-06,8.61,Malaysia
2021-07-07,9.13,Malaysia
2021-07-08,9.6,Malaysia
2021-07-09,9.99,Malaysia
2021-07-10,10.33,Malaysia
2021-07-11,10.64,Malaysia
2021-07-12,11.12,Malaysia
2021-07-13,11.62,Malaysia
2021-07-14,12.11,Malaysia
2021-07-15,12.58,Malaysia
2021-07-16,12.98,Malaysia
2021-07-17,13.37,Malaysia
2021-07-18,13.68,Malaysia
2021-07-19,14.13,Malaysia
2021-07-20,14.44,Malaysia
2021-07-21,14.94,Malaysia
2021-07-22,15.46,Malaysia
2021-07-23,15.95,Malaysia
2021-07-24,16.35,Malaysia
2021-07-25,16.72,Malaysia
2021-07-26,17.3,Malaysia
2021-07-27,17.91,Malaysia
2021-07-28,18.52,Malaysia
2021-07-29,19.16,Malaysia
2021-07-30,19.76,Malaysia
2021-07-31,20.37,Malaysia
2021-08-01,20.92,Malaysia
2021-08-02,21.66,Malaysia
2021-08-03,22.4,Malaysia
2021-08-04,23.21,Malaysia
2021-08-05,24.1,Malaysia
2021-08-06,24.89,Malaysia
2021-08-07,25.62,Malaysia
2021-08-08,26.32,Malaysia
2021-08-09,27.16,Malaysia
2021-08-10,27.76,Malaysia
2021-08-11,28.57,Malaysia
2021-08-12,29.55,Malaysia
2021-08-13,30.47,Malaysia
2021-08-14,31.33,Malaysia
2021-08-15,32.16,Malaysia
2021-08-16,33.15,Malaysia
2021-08-17,34.18,Malaysia
2021-08-18,35.26,Malaysia
2021-08-19,36.29,Malaysia
2021-08-20,37.3,Malaysia
2021-08-21,38.26,Malaysia
2021-08-22,39.19,Malaysia
2021-08-23,39.95,Malaysia
2021-08-24,40.76,Malaysia
2021-08-25,41.58,Malaysia
2021-08-26,42.37,Malaysia
2021-08-27,43.01,Malaysia
2021-08-28,43.63,Malaysia
2021-08-29,44.16,Malaysia
2021-08-30,44.73,Malaysia
2021-08-31,45.2,Malaysia
2021-09-01,45.88,Malaysia
2021-09-02,46.49,Malaysia
2021-09-03,47.09,Malaysia
2021-09-04,47.64,Malaysia
2021-09-05,48.15,Malaysia
2021-09-06,48.74,Malaysia
2021-09-07,49.35,Malaysia
2021-09-08,49.98,Malaysia
2021-09-09,50.59,Malaysia
2021-09-10,51.18,Malaysia
2021-09-11,51.74,Malaysia
2021-09-12,52.23,Malaysia
2021-09-13,52.74,Malaysia
2021-09-14,53.3,Malaysia
2021-09-15,53.89,Malaysia
2021-09-16,54.34,Malaysia
2021-09-17,54.88,Malaysia
2021-09-18,55.4,Malaysia
2021-09-19,55.91,Malaysia
2021-09-20,56.53,Malaysia
2021-09-21,56.97,Malaysia
2021-09-22,57.61,Malaysia
2021-09-23,58.22,Malaysia
2021-09-24,58.72,Malaysia
2021-09-25,59.19,Malaysia
2021-09-26,59.67,Malaysia
2021-09-27,60.14,Malaysia
2021-09-28,60.65,Malaysia
2021-09-29,61.12,Malaysia
2021-09-30,61.62,Malaysia
2021-10-01,62.05,Malaysia
2021-10-02,62.43,Malaysia
2021-10-03,62.78,Malaysia
2021-10-04,63.1,Malaysia
2021-10-05,63.42,Malaysia
2021-10-06,63.73,Malaysia
2021-10-07,64.01,Malaysia
2021-10-08,64.33,Malaysia
2021-10-09,64.65,Malaysia
2021-10-10,64.96,Malaysia
2021-10-11,65.38,Malaysia
2021-10-12,65.85,Malaysia
2021-10-13,66.33,Malaysia
2021-10-14,66.84,Malaysia
2021-10-15,67.25,Malaysia
2021-10-16,67.6,Malaysia
2021-10-17,67.96,Malaysia
2021-10-18,68.47,Malaysia
2021-10-19,68.84,Malaysia
2021-10-20,69.49,Malaysia
2021-10-21,70.06,Malaysia
2021-10-22,70.42,Malaysia
2021-10-23,70.71,Malaysia
2021-10-24,71.04,Malaysia
2021-10-25,71.48,Malaysia
2021-10-26,71.9,Malaysia
2021-10-27,72.28,Malaysia
2021-10-28,72.63,Malaysia
2021-10-29,72.88,Malaysia
2021-10-30,73.03,Malaysia
2021-10-31,73.16,Malaysia
2021-11-01,73.34,Malaysia
2021-11-02,73.51,Malaysia
2021-11-03,73.64,Malaysia
2021-11-04,73.7,Malaysia
2021-11-05,73.8,Malaysia
2021-11-06,73.84,Malaysia
2021-11-07,73.88,Malaysia
2021-11-08,74.02,Malaysia
2021-11-09,74.11,Malaysia
2021-11-10,74.23,Malaysia
2021-11-11,74.36,Malaysia
2021-11-12,74.47,Malaysia
2021-11-13,74.52,Malaysia
2021-11-14,74.55,Malaysia
2021-11-15,74.63,Malaysia
2021-11-16,74.71,Malaysia
2021-11-17,74.78,Malaysia
2021-11-18,74.84,Malaysia
2021-11-19,74.89,Malaysia
2021-11-20,74.91,Malaysia
2021-11-21,74.93,Malaysia
2021-11-22,74.97,Malaysia
2021-11-23,75.0,Malaysia
2021-11-24,75.03,Malaysia
2021-11-25,75.04,Malaysia
2021-11-26,75.07,Malaysia
2021-11-27,75.08,Malaysia
2021-11-28,75.09,Malaysia
2021-11-29,75.12,Malaysia
2021-11-30,75.14,Malaysia
2021-12-01,75.17,Malaysia
2021-12-02,75.2,Malaysia
2021-12-03,75.22,Malaysia
2021-12-04,75.23,Malaysia
2021-12-05,75.24,Malaysia
2021-12-06,75.26,Malaysia
2021-12-07,75.28,Malaysia
2021-12-08,75.3,Malaysia
2021-12-09,75.33,Malaysia
2021-12-10,75.35,Malaysia
2021-12-11,75.36,Malaysia
2021-12-12,75.37,Malaysia
2021-12-13,75.38,Malaysia
2021-12-14,75.4,Malaysia
2021-12-15,75.42,Malaysia
2021-12-16,75.44,Malaysia
2021-12-17,75.45,Malaysia
2021-12-18,75.46,Malaysia
2021-12-19,75.47,Malaysia
2021-12-20,75.48,Malaysia
2021-12-21,75.5,Malaysia
2021-12-22,75.51,Malaysia
2021-12-23,75.53,Malaysia
2021-12-24,75.54,Malaysia
2021-12-25,75.54,Malaysia
2021-12-26,75.55,Malaysia
2021-12-27,75.56,Malaysia
2021-12-28,75.58,Malaysia
2021-12-29,75.59,Malaysia
2021-12-30,75.61,Malaysia
2021-12-31,75.62,Malaysia
2022-01-01,75.63,Malaysia
2022-01-02,75.63,Malaysia
2022-01-03,75.64,Malaysia
2022-01-04,75.66,Malaysia
2022-01-05,75.67,Malaysia
2022-01-06,75.68,Malaysia
2022-01-07,75.69,Malaysia
2022-01-08,75.7,Malaysia
2022-01-09,75.7,Malaysia
2022-01-10,75.71,Malaysia
2022-01-11,75.72,Malaysia
2022-01-12,75.73,Malaysia
2022-01-13,75.74,Malaysia
2022-01-14,75.75,Malaysia
2022-01-15,75.75,Malaysia
2022-01-16,75.76,Malaysia
2022-01-17,75.77,Malaysia
2022-01-18,75.77,Malaysia
2022-01-19,75.79,Malaysia
2022-01-20,75.8,Malaysia
2022-01-21,75.8,Malaysia
2022-01-22,75.81,Malaysia
2022-01-23,75.81,Malaysia
2022-01-24,75.82,Malaysia
2022-01-25,75.83,Malaysia
2022-01-26,75.84,Malaysia
2022-01-27,75.84,Malaysia
2022-01-28,75.85,Malaysia
2022-01-29,75.86,Malaysia
2022-01-30,75.86,Malaysia
2022-01-31,75.86,Malaysia
2022-02-01,75.86,Malaysia
2022-02-02,75.87,Malaysia
2022-02-03,75.87,Malaysia
2022-02-04,75.88,Malaysia
2022-02-05,75.88,Malaysia
2022-02-06,75.88,Malaysia
2022-02-07,75.89,Malaysia
2022-02-08,75.9,Malaysia
2022-02-09,75.9,Malaysia
2022-02-10,75.91,Malaysia
2022-02-11,75.92,Malaysia
2022-02-12,75.92,Malaysia
2022-02-13,75.92,Malaysia
2022-02-14,75.93,Malaysia
2022-02-15,75.93,Malaysia
2022-02-16,75.94,Malaysia
2022-02-17,75.94,Malaysia
2022-02-18,75.95,Malaysia
2022-02-19,75.95,Malaysia
2022-02-20,75.95,Malaysia
2022-02-21,75.96,Malaysia
2022-02-22,75.96,Malaysia
2022-02-23,75.96,Malaysia
2022-02-24,75.96,Malaysia
2022-02-25,75.97,Malaysia
2022-02-26,75.97,Malaysia
2022-02-27,75.97,Malaysia
2022-02-28,75.98,Malaysia
2022-03-01,75.98,Malaysia
2022-03-02,75.99,Malaysia
2022-03-03,75.99,Malaysia
2022-03-04,76.0,Malaysia
2022-03-05,76.0,Malaysia
2022-03-06,76.0,Malaysia
2022-03-07,76.01,Malaysia
2022-03-08,76.01,Malaysia
2022-03-09,76.02,Malaysia
2022-03-10,76.03,Malaysia
2022-03-11,76.03,Malaysia
2022-03-12,76.04,Malaysia
2022-03-13,76.04,Malaysia
2022-03-14,76.05,Malaysia
2022-03-15,76.05,Malaysia
2022-03-16,76.06,Malaysia
2022-03-17,76.07,Malaysia
2022-03-18,76.07,Malaysia
2022-03-19,76.08,Malaysia
2022-03-20,76.08,Malaysia
2022-03-21,76.09,Malaysia
2022-03-22,76.09,Malaysia
2022-03-23,76.1,Malaysia
2022-03-24,76.1,Malaysia
2022-03-25,76.11,Malaysia
2022-03-26,76.11,Malaysia
2022-03-27,76.11,Malaysia
2022-03-28,76.12,Malaysia
2022-03-29,76.12,Malaysia
2022-03-30,76.13,Malaysia
2022-03-31,76.14,Malaysia
2022-04-01,76.14,Malaysia
2022-04-02,76.16,Malaysia
2022-04-03,76.19,Malaysia
2022-04-04,76.22,Malaysia
2022-04-05,76.25,Malaysia
2022-04-06,76.29,Malaysia
2022-04-07,76.33,Malaysia
2022-04-08,76.4,Malaysia
2022-04-09,76.49,Malaysia
2022-04-10,76.58,Malaysia
2022-04-11,76.68,Malaysia
2022-04-12,76.78,Malaysia
2022-04-13,76.89,Malaysia
2022-04-14,77.02,Malaysia
2022-04-15,77.14,Malaysia
2022-04-16,77.33,Malaysia
2022-04-17,77.47,Malaysia
2022-04-18,77.6,Malaysia
2022-04-19,77.71,Malaysia
2022-04-20,77.85,Malaysia
2022-04-21,77.98,Malaysia
2022-04-22,78.12,Malaysia
2022-04-23,78.29,Malaysia
2022-04-24,78.41,Malaysia
2022-04-25,78.49,Malaysia
2022-04-26,78.57,Malaysia
2022-04-27,78.64,Malaysia
2022-04-28,78.7,Malaysia
2022-04-29,78.78,Malaysia
2022-04-30,78.87,Malaysia
2022-05-01,78.9,Malaysia
2022-05-02,78.9,Malaysia
2022-05-03,78.91,Malaysia
2022-05-04,78.91,Malaysia
2022-05-05,78.93,Malaysia
2022-05-06,78.98,Malaysia
2022-05-07,79.03,Malaysia
2022-05-08,79.09,Malaysia
2022-05-09,79.15,Malaysia
2022-05-10,79.2,Malaysia
2022-05-11,79.25,Malaysia
2022-05-12,79.3,Malaysia
2022-05-13,79.39,Malaysia
2022-05-14,79.47,Malaysia
2022-05-15,79.51,Malaysia
2022-05-16,79.53,Malaysia
2022-05-17,79.56,Malaysia
2022-05-18,79.58,Malaysia
2022-05-19,79.6,Malaysia
2022-05-20,79.65,Malaysia
2022-05-21,79.69,Malaysia
2022-05-22,79.71,Malaysia
2022-05-23,79.73,Malaysia
2022-05-24,79.75,Malaysia
2022-05-25,79.76,Malaysia
2022-05-26,79.78,Malaysia
2022-05-27,79.81,Malaysia
2022-05-28,79.84,Malaysia
2022-05-29,79.86,Malaysia
2022-05-30,79.88,Malaysia
2022-05-31,79.89,Malaysia
2022-06-01,79.9,Malaysia
2022-06-02,79.91,Malaysia
2022-06-03,79.93,Malaysia
2022-06-04,79.95,Malaysia
2022-06-05,79.96,Malaysia
2022-06-06,79.96,Malaysia
2022-06-07,79.97,Malaysia
2022-06-08,79.99,Malaysia
2022-06-09,80.0,Malaysia
2022-06-10,80.03,Malaysia
2022-06-11,80.06,Malaysia
2022-06-12,80.08,Malaysia
2022-06-13,80.1,Malaysia
2022-06-14,80.11,Malaysia
2022-06-15,80.13,Malaysia
2022-06-16,80.16,Malaysia
2022-06-17,80.2,Malaysia
2022-06-18,80.25,Malaysia
2022-06-19,80.27,Malaysia
2022-06-20,80.29,Malaysia
2022-06-21,80.3,Malaysia
2022-06-22,80.32,Malaysia
2022-06-23,80.35,Malaysia
2022-06-24,80.39,Malaysia
2022-06-25,80.41,Malaysia
2022-06-26,80.43,Malaysia
2022-06-27,80.44,Malaysia
2022-06-28,80.44,Malaysia
2022-06-29,80.45,Malaysia
2022-06-30,80.46,Malaysia
2022-07-01,80.47,Malaysia
2022-07-02,80.49,Malaysia
2022-07-03,80.5,Malaysia
2022-07-04,80.51,Malaysia
2022-07-05,80.53,Malaysia
2022-07-06,80.55,Malaysia
2022-07-07,80.58,Malaysia
2022-07-08,80.62,Malaysia
2022-07-09,80.64,Malaysia
2022-07-10,80.64,Malaysia
2022-07-11,80.65,Malaysia
2022-07-12,80.65,Malaysia
2022-07-13,80.66,Malaysia
2022-07-14,80.68,Malaysia
2022-07-15,80.7,Malaysia
2022-07-16,80.73,Malaysia
2022-07-17,80.75,Malaysia
2022-07-18,80.76,Malaysia
2022-07-19,80.77,Malaysia
2022-07-20,80.78,Malaysia
2022-07-21,80.8,Malaysia
2022-07-22,80.82,Malaysia
2022-07-23,80.85,Malaysia
2022-07-24,80.86,Malaysia
2022-07-25,80.87,Malaysia
2022-07-26,80.88,Malaysia
2022-07-27,80.89,Malaysia
2022-07-28,80.9,Malaysia
2022-07-29,80.92,Malaysia
2022-07-30,80.93,Malaysia
2022-07-31,80.94,Malaysia
2022-08-01,80.95,Malaysia
2022-08-02,80.95,Malaysia
2022-08-03,80.95,Malaysia
2022-08-04,80.96,Malaysia
2022-08-05,80.97,Malaysia
2022-08-06,80.97,Malaysia
2022-08-07,80.98,Malaysia
2022-08-08,80.98,Malaysia
2022-08-09,80.98,Malaysia
2022-08-10,80.99,Malaysia
2022-08-11,80.99,Malaysia
2022-08-12,81.0,Malaysia
2022-08-13,81.0,Malaysia
2022-08-14,81.01,Malaysia
2022-08-15,81.01,Malaysia
2022-08-16,81.01,Malaysia
2022-08-17,81.01,Malaysia
2022-08-18,81.02,Malaysia
2022-08-19,81.02,Malaysia
2022-08-20,81.03,Malaysia
2022-08-21,81.03,Malaysia
2022-08-22,81.03,Malaysia
2022-08-23,81.04,Malaysia
2022-08-24,81.04,Malaysia
2022-08-25,81.04,Malaysia
2022-08-26,81.04,Malaysia
2022-08-27,81.05,Malaysia
2022-08-28,81.05,Malaysia
2022-08-29,81.05,Malaysia
2022-08-30,81.05,Malaysia
2022-08-31,81.05,Malaysia
2022-09-01,81.05,Malaysia
2022-09-02,81.06,Malaysia
2022-09-03,81.06,Malaysia
2022-09-04,81.06,Malaysia
2022-09-05,81.06,Malaysia
2022-09-06,81.06,Malaysia
2022-09-07,81.06,Malaysia
2022-09-08,81.06,Malaysia
2022-09-09,81.06,Malaysia
2022-09-10,81.07,Malaysia
2022-09-11,81.07,Malaysia
2022-09-12,81.07,Malaysia
2022-09-13,81.07,Malaysia
2022-09-14,81.07,Malaysia
2022-09-15,81.07,Malaysia
2022-09-16,81.07,Malaysia
2022-09-17,81.07,Malaysia
2022-09-18,81.07,Malaysia
2022-09-19,81.08,Malaysia
2022-09-20,81.08,Malaysia
2022-09-21,81.08,Malaysia
2022-09-22,81.08,Malaysia
2022-09-23,81.08,Malaysia
2022-09-24,81.08,Malaysia
2022-09-25,81.08,Malaysia
2022-09-26,81.08,Malaysia
2022-09-27,81.08,Malaysia
2022-09-28,81.09,Malaysia
2022-09-29,81.09,Malaysia
2022-09-30,81.09,Malaysia
2022-10-01,81.09,Malaysia
2022-10-02,81.09,Malaysia
2022-10-03,81.09,Malaysia
2022-10-04,81.09,Malaysia
2022-10-05,81.09,Malaysia
2022-10-06,81.09,Malaysia
2022-10-07,81.09,Malaysia
2022-10-08,81.1,Malaysia
2022-10-09,81.1,Malaysia
2022-10-10,81.1,Malaysia
2022-10-11,81.1,Malaysia
2022-10-12,81.1,Malaysia
2022-10-13,81.1,Malaysia
2022-10-14,81.1,Malaysia
2022-10-15,81.1,Malaysia
2022-10-16,81.1,Malaysia
2022-10-17,81.1,Malaysia
2022-10-18,81.1,Malaysia
2022-10-19,81.1,Malaysia
2022-10-20,81.1,Malaysia
2022-10-21,81.11,Malaysia
2022-10-22,81.11,Malaysia
2022-10-23,81.11,Malaysia
2022-10-24,81.11,Malaysia
2022-10-25,81.11,Malaysia
2022-10-26,81.11,Malaysia
2022-10-27,81.11,Malaysia
2022-10-28,81.11,Malaysia
2022-10-29,81.11,Malaysia
2022-10-30,81.11,Malaysia
2022-10-31,81.11,Malaysia
2022-11-01,81.11,Malaysia
2022-11-02,81.11,Malaysia
2022-11-03,81.11,Malaysia
2022-11-04,81.11,Malaysia
2022-11-05,81.11,Malaysia
2022-11-06,81.11,Malaysia
2022-11-07,81.11,Malaysia
2022-11-08,81.11,Malaysia
2022-11-09,81.11,Malaysia
2022-11-10,81.12,Malaysia
2022-11-11,81.12,Malaysia
2022-11-12,81.12,Malaysia
2022-11-13,81.12,Malaysia
2022-11-14,81.12,Malaysia
2022-11-15,81.12,Malaysia
2022-11-16,81.12,Malaysia
2022-11-17,81.12,Malaysia
2022-11-18,81.12,Malaysia
2022-11-19,81.12,Malaysia
2022-11-20,81.12,Malaysia
2022-11-21,81.12,Malaysia
2022-11-22,81.12,Malaysia
2022-11-23,81.12,Malaysia
2022-11-24,81.12,Malaysia
2022-11-25,81.12,Malaysia
2022-11-26,81.12,Malaysia
2022-11-27,81.12,Malaysia
2022-11-28,81.12,Malaysia
2022-11-29,81.12,Malaysia
2022-11-30,81.12,Malaysia
2022-12-01,81.12,Malaysia
2022-12-02,81.13,Malaysia
2022-12-03,81.13,Malaysia
2022-12-04,81.13,Malaysia
2022-12-05,81.13,Malaysia
2022-12-06,81.13,Malaysia
2022-12-07,81.13,Malaysia
2022-12-08,81.13,Malaysia
2022-12-09,81.13,Malaysia
2022-12-10,81.13,Malaysia
2022-12-11,81.13,Malaysia
2022-12-12,81.13,Malaysia
2022-12-13,81.13,Malaysia
2022-12-14,81.13,Malaysia
2022-12-15,81.13,Malaysia
2022-12-16,81.13,Malaysia
2022-12-17,81.13,Malaysia
2022-12-18,81.13,Malaysia
2022-12-19,81.13,Malaysia
2022-12-20,81.13,Malaysia
2022-12-21,81.13,Malaysia
2022-12-22,81.13,Malaysia
2022-12-23,81.13,Malaysia
2022-12-24,81.13,Malaysia
2022-12-25,81.13,Malaysia
2022-12-26,81.13,Malaysia
2022-12-27,81.13,Malaysia
2022-12-28,81.14,Malaysia
2022-12-29,81.14,Malaysia
2022-12-30,81.14,Malaysia
2022-12-31,81.14,Malaysia
2023-01-01,81.14,Malaysia
2023-01-02,81.14,Malaysia
2023-01-03,81.14,Malaysia
2023-01-04,81.14,Malaysia
2023-01-05,81.14,Malaysia
2023-01-06,81.14,Malaysia
2023-01-07,81.14,Malaysia
2023-01-08,81.14,Malaysia
2023-01-09,81.14,Malaysia
2023-01-10,81.14,Malaysia
2023-01-11,81.14,Malaysia
2023-01-12,81.14,Malaysia
2023-01-13,81.14,Malaysia
2023-01-14,81.14,Malaysia
2023-01-15,81.14,Malaysia
2023-01-16,81.14,Malaysia
2023-01-17,81.14,Malaysia
2023-01-18,81.14,Malaysia
2023-01-19,81.14,Malaysia
2023-01-20,81.15,Malaysia
2023-01-21,81.15,Malaysia
2023-01-22,81.15,Malaysia
2023-01-23,81.15,Malaysia
2023-01-24,81.15,Malaysia
2023-01-25,81.15,Malaysia
2023-01-26,81.15,Malaysia
2023-01-27,81.15,Malaysia
2023-01-28,81.15,Malaysia
2023-01-29,81.15,Malaysia
2023-01-30,81.15,Malaysia
2023-01-31,81.15,Malaysia
2023-02-01,81.15,Malaysia
2023-02-02,81.15,Malaysia
2023-02-03,81.15,Malaysia
2023-02-04,81.15,Malaysia
2023-02-05,81.15,Malaysia
2023-02-06,81.15,Malaysia
2023-02-07,81.15,Malaysia
2023-02-08,81.15,Malaysia
2023-02-09,81.15,Malaysia
2023-02-10,81.15,Malaysia
2023-02-11,81.15,Malaysia
2023-02-12,81.15,Malaysia
2023-02-13,81.15,Malaysia
2023-02-14,81.15,Malaysia
2023-02-15,81.15,Malaysia
2023-02-16,81.15,Malaysia
2023-02-17,81.15,Malaysia
2023-02-18,81.15,Malaysia
2023-02-19,81.15,Malaysia
2023-02-20,81.15,Malaysia
2023-02-21,81.15,Malaysia
2023-02-22,81.15,Malaysia
2023-02-23,81.16,Malaysia
2023-02-24,81.16,Malaysia
2023-02-25,81.16,Malaysia
2023-02-26,81.16,Malaysia
2023-02-27,81.16,Malaysia
2023-02-28,81.16,Malaysia
2023-03-01,81.16,Malaysia
2023-03-02,81.16,Malaysia
2023-03-03,81.16,Malaysia
2023-03-04,81.16,Malaysia
2023-03-05,81.16,Malaysia
2023-03-06,81.16,Malaysia
2023-03-07,81.16,Malaysia
2023-03-08,81.16,Malaysia
2023-03-09,81.16,Malaysia
2023-03-10,81.16,Malaysia
2023-03-11,81.16,Malaysia
2023-03-12,81.16,Malaysia
2023-03-13,81.16,Malaysia
2023-03-14,81.16,Malaysia
2023-03-15,81.16,Malaysia
2023-03-16,81.16,Malaysia
2023-03-17,81.16,Malaysia
2023-03-18,81.16,Malaysia
2023-03-19,81.16,Malaysia
2023-03-20,81.16,Malaysia
2023-03-21,81.16,Malaysia
2023-03-22,81.16,Malaysia
2023-03-23,81.16,Malaysia
2023-03-24,81.16,Malaysia
2023-03-25,81.16,Malaysia
2023-03-26,81.16,Malaysia
2023-03-27,81.16,Malaysia
2023-03-28,81.16,Malaysia
2023-03-29,81.16,Malaysia
2023-03-30,81.16,Malaysia
2023-03-31,81.16,Malaysia
2023-04-01,81.16,Malaysia
2023-04-02,81.16,Malaysia
2023-04-03,81.16,Malaysia
2023-04-04,81.17,Malaysia
2023-04-05,81.17,Malaysia
2023-04-06,81.17,Malaysia
2023-04-07,81.17,Malaysia
2023-04-08,81.17,Malaysia
2023-04-09,81.17,Malaysia
2023-04-10,81.17,Malaysia
2023-04-11,81.17,Malaysia
2023-04-12,81.17,Malaysia
2023-04-13,81.17,Malaysia
2023-04-14,81.17,Malaysia
2023-04-15,81.17,Malaysia
2023-04-16,81.17,Malaysia
2023-04-17,81.17,Malaysia
2023-04-18,81.17,Malaysia
2023-04-19,81.17,Malaysia
2023-04-20,81.17,Malaysia
2023-04-21,81.17,Malaysia
2023-04-22,81.17,Malaysia
2023-04-23,,Malaysia
2023-04-24,81.17,Malaysia
2023-04-25,81.17,Malaysia
2023-04-26,81.17,Malaysia
2023-04-27,81.17,Malaysia
2023-04-28,81.17,Malaysia
2023-04-29,81.17,Malaysia
2023-04-30,81.17,Malaysia
2023-05-01,81.17,Malaysia
2023-05-02,81.17,Malaysia
2023-05-03,81.17,Malaysia
2023-05-04,81.17,Malaysia
2023-05-05,81.17,Malaysia
2023-05-06,81.17,Malaysia
2023-05-07,81.17,Malaysia
2023-05-08,81.17,Malaysia
2023-05-09,81.17,Malaysia
2023-05-10,81.17,Malaysia
2023-05-11,81.17,Malaysia
2023-05-12,81.17,Malaysia
2023-05-13,81.17,Malaysia
2023-05-14,,Malaysia
2023-05-15,81.17,Malaysia
2023-05-16,81.17,Malaysia
2023-05-17,81.17,Malaysia
2023-05-18,81.17,Malaysia
2023-05-19,81.17,Malaysia
2023-05-20,81.17,Malaysia
2023-05-21,81.17,Malaysia
2023-05-22,81.17,Malaysia
2023-05-23,81.17,Malaysia
2023-05-24,81.17,Malaysia
2023-05-25,81.17,Malaysia
2023-05-26,81.17,Malaysia
2023-05-27,81.17,Malaysia
2023-05-28,81.17,Malaysia
2023-05-29,81.17,Malaysia
2023-05-30,81.17,Malaysia
2023-05-31,81.17,Malaysia
2023-06-01,81.17,Malaysia
2023-06-02,81.17,Malaysia
2023-06-03,81.17,Malaysia
2023-06-04,81.17,Malaysia
2023-06-05,81.17,Malaysia
2023-06-06,81.17,Malaysia
2023-06-07,81.17,Malaysia
2023-06-08,81.17,Malaysia
2023-06-09,81.17,Malaysia
2023-06-10,81.17,Malaysia
2023-06-11,81.17,Malaysia
2023-06-12,81.17,Malaysia
2023-06-13,81.17,Malaysia
2023-06-14,81.17,Malaysia
2023-06-15,81.17,Malaysia
2023-06-16,81.17,Malaysia
2023-06-17,81.17,Malaysia
2023-06-18,81.17,Malaysia
2023-06-19,81.17,Malaysia
2023-06-20,81.17,Malaysia
2023-06-21,81.17,Malaysia
2023-06-22,81.17,Malaysia
2023-06-23,81.17,Malaysia
2023-06-24,81.17,Malaysia
2023-06-25,81.17,Malaysia
2023-06-26,81.17,Malaysia
2023-06-27,81.17,Malaysia
2023-06-28,81.17,Malaysia
2023-06-29,81.17,Malaysia
2023-06-30,81.17,Malaysia
2023-07-01,81.17,Malaysia
2023-07-02,81.17,Malaysia
2023-07-03,81.18,Malaysia
2023-07-04,,Malaysia
2023-07-05,,Malaysia
2023-07-06,,Malaysia
2023-07-07,,Malaysia
2023-07-08,81.18,Malaysia
2023-07-09,81.18,Malaysia
2023-07-10,81.18,Malaysia
2023-07-11,81.18,Malaysia
2023-07-12,81.18,Malaysia
2023-07-13,81.18,Malaysia
2023-07-14,81.18,Malaysia
2023-07-15,81.18,Malaysia
2023-07-16,81.18,Malaysia
2023-07-17,81.18,Malaysia
2023-07-18,81.18,Malaysia
2023-07-19,81.18,Malaysia
2023-07-20,81.18,Malaysia
2023-07-21,81.18,Malaysia
2023-07-22,81.18,Malaysia
2023-07-23,81.18,Malaysia
2023-07-24,81.18,Malaysia
2023-07-25,81.18,Malaysia
2023-07-26,81.18,Malaysia
2023-07-27,81.18,Malaysia
2023-07-28,81.18,Malaysia
2023-07-29,81.18,Malaysia
2023-07-30,81.18,Malaysia
2023-07-31,81.18,Malaysia
2023-08-01,81.18,Malaysia
2023-08-02,81.18,Malaysia
2023-08-03,81.18,Malaysia
2023-08-04,81.18,Malaysia
2023-08-05,81.18,Malaysia
2023-08-06,81.18,Malaysia
2023-08-07,81.18,Malaysia
2023-08-08,81.18,Malaysia
2023-08-09,81.18,Malaysia
2023-08-10,81.18,Malaysia
2023-08-11,81.18,Malaysia
2023-08-12,81.18,Malaysia
2023-08-13,81.18,Malaysia
2023-08-14,81.18,Malaysia
2023-08-15,81.18,Malaysia
2023-08-16,81.18,Malaysia
2023-08-17,81.18,Malaysia
2023-08-18,81.18,Malaysia
2023-08-19,81.18,Malaysia
2023-08-20,81.18,Malaysia
2023-08-21,81.18,Malaysia
2023-08-22,81.18,Malaysia
2023-08-23,81.18,Malaysia
2023-08-24,81.18,Malaysia
2023-08-25,81.18,Malaysia
2023-08-26,81.18,Malaysia
2023-08-27,81.18,Malaysia
2023-08-28,81.18,Malaysia
2023-08-29,81.18,Malaysia
2023-08-30,81.18,Malaysia
2023-08-31,81.18,Malaysia
2023-09-01,81.18,Malaysia
2023-09-02,81.18,Malaysia
2023-09-03,81.18,Malaysia
2023-09-04,81.18,Malaysia
2023-09-05,81.18,Malaysia
2023-09-06,81.18,Malaysia
2023-09-07,81.18,Malaysia
2023-09-08,81.18,Malaysia
2023-09-09,81.18,Malaysia
2023-09-10,81.18,Malaysia
2023-09-11,81.18,Malaysia
2023-09-12,81.18,Malaysia
2023-09-13,81.18,Malaysia
2023-09-14,81.18,Malaysia
2023-09-15,81.18,Malaysia
2023-09-16,81.18,Malaysia
2023-09-17,81.18,Malaysia
2023-09-18,81.18,Malaysia
2023-09-19,81.18,Malaysia
2023-09-20,81.18,Malaysia
2023-09-21,81.18,Malaysia
2023-09-22,81.18,Malaysia
2023-09-23,81.18,Malaysia
2023-09-24,81.18,Malaysia
2023-09-25,81.18,Malaysia
2023-09-26,81.18,Malaysia
2023-09-27,81.18,Malaysia
2023-09-28,81.18,Malaysia
2023-09-29,81.18,Malaysia
2023-09-30,81.18,Malaysia
2023-10-01,81.18,Malaysia
2023-10-02,81.18,Malaysia
2023-10-03,81.18,Malaysia
2023-10-04,81.18,Malaysia
2023-10-05,81.18,Malaysia
2023-10-06,81.18,Malaysia
2023-10-07,81.18,Malaysia
2023-10-08,81.18,Malaysia
2023-10-09,81.18,Malaysia
2023-10-10,81.18,Malaysia
2023-10-11,81.18,Malaysia
2023-10-12,81.18,Malaysia
2023-10-13,81.18,Malaysia
2023-10-14,81.18,Malaysia
2023-10-15,81.18,Malaysia
2023-10-16,81.18,Malaysia
2023-10-17,81.18,Malaysia
2023-10-18,81.18,Malaysia
2023-10-19,81.18,Malaysia
2023-10-20,81.18,Malaysia
2023-10-21,81.18,Malaysia
2023-10-22,81.18,Malaysia
2023-10-23,81.18,Malaysia
2023-10-24,81.18,Malaysia
2023-10-25,81.18,Malaysia
2023-10-26,81.18,Malaysia
2023-10-27,81.18,Malaysia
2023-10-28,81.18,Malaysia
2023-10-29,81.18,Malaysia
2023-10-30,81.18,Malaysia
2023-10-31,81.18,Malaysia
2023-11-01,81.18,Malaysia
2023-11-02,81.18,Malaysia
2023-11-03,81.18,Malaysia
2023-11-04,81.18,Malaysia
2023-11-05,81.18,Malaysia
2023-11-06,81.18,Malaysia
2023-11-07,81.18,Malaysia
2023-11-08,81.18,Malaysia
2023-11-09,81.18,Malaysia
2023-11-10,81.18,Malaysia
2023-11-11,81.18,Malaysia
2023-11-12,81.18,Malaysia
2023-11-13,81.18,Malaysia
2023-11-14,81.18,Malaysia
2023-11-15,81.18,Malaysia
2023-11-16,81.18,Malaysia
2023-11-17,81.18,Malaysia
2023-11-18,81.18,Malaysia
2023-11-19,81.18,Malaysia
2023-11-20,81.18,Malaysia
2023-11-21,81.18,Malaysia
2023-11-22,81.18,Malaysia
2023-11-23,81.18,Malaysia
2023-11-24,81.18,Malaysia
2023-11-25,81.18,Malaysia
2023-11-26,81.18,Malaysia
2023-11-27,81.18,Malaysia
2023-11-28,81.18,Malaysia
2023-11-29,81.18,Malaysia
2023-11-30,81.18,Malaysia
2023-12-01,81.18,Malaysia
2023-12-02,81.18,Malaysia
2023-12-03,81.18,Malaysia
2023-12-04,81.18,Malaysia
2023-12-05,81.18,Malaysia
2023-12-06,81.18,Malaysia
2023-12-07,81.18,Malaysia
2023-12-08,81.18,Malaysia
2023-12-09,81.18,Malaysia
2023-12-10,81.18,Malaysia
2023-12-11,81.18,Malaysia
2023-12-12,81.18,Malaysia
2023-12-13,81.18,Malaysia
2023-12-14,81.18,Malaysia
2023-12-15,81.18,Malaysia
2023-12-16,81.18,Malaysia
2023-12-17,81.18,Malaysia
2023-12-18,81.18,Malaysia
2023-12-19,81.18,Malaysia
2023-12-20,81.18,Malaysia
2023-12-21,81.18,Malaysia
2023-12-22,81.18,Malaysia
2023-12-23,81.18,Malaysia
2023-12-24,81.18,Malaysia
2023-12-25,81.18,Malaysia
2023-12-26,81.18,Malaysia
2023-12-27,81.18,Malaysia
2023-12-28,81.18,Malaysia
2023-12-29,81.18,Malaysia
2023-12-30,81.18,Malaysia
2023-12-31,81.18,Malaysia
2024-01-01,81.18,Malaysia
2024-01-02,81.18,Malaysia
2024-01-03,81.18,Malaysia
2024-01-04,81.18,Malaysia
2024-01-05,81.18,Malaysia
2024-01-06,81.18,Malaysia
2024-01-07,81.18,Malaysia
2024-01-08,81.18,Malaysia
2024-01-09,81.18,Malaysia
2024-01-10,81.18,Malaysia
2024-01-11,81.18,Malaysia
2024-01-12,81.18,Malaysia
2024-01-13,81.18,Malaysia
2024-01-14,81.18,Malaysia
2024-01-15,81.18,Malaysia
2024-01-16,81.18,Malaysia
2024-01-17,81.18,Malaysia
2024-01-18,81.18,Malaysia
2024-01-19,81.18,Malaysia
2024-01-20,81.18,Malaysia
2024-01-21,81.18,Malaysia
2024-01-22,81.18,Malaysia
2024-01-23,81.18,Malaysia
2024-01-24,81.18,Malaysia
2024-01-25,81.18,Malaysia
2024-01-26,81.18,Malaysia
2024-01-27,81.18,Malaysia
2024-01-28,81.18,Malaysia
2024-01-29,81.18,Malaysia
2024-01-30,81.18,Malaysia
2024-01-31,81.18,Malaysia
2024-02-01,81.18,Malaysia
2024-02-02,81.18,Malaysia
2024-02-03,81.18,Malaysia
2024-02-04,81.18,Malaysia
2024-02-05,81.18,Malaysia
2024-02-06,81.18,Malaysia
2024-02-07,81.18,Malaysia
2024-02-08,81.18,Malaysia
2024-02-09,81.18,Malaysia
2024-02-10,81.18,Malaysia
2024-02-11,81.18,Malaysia
2024-02-12,81.18,Malaysia
2024-02-13,81.18,Malaysia
2024-02-14,81.18,Malaysia
2024-02-15,81.18,Malaysia
2024-02-16,81.18,Malaysia
2024-02-17,81.18,Malaysia
2024-02-18,81.18,Malaysia
2024-02-19,81.18,Malaysia
2024-02-20,81.18,Malaysia
2024-02-21,81.18,Malaysia
2024-02-22,81.18,Malaysia
2024-02-23,81.18,Malaysia
2024-02-24,81.18,Malaysia
2024-02-25,81.18,Malaysia
2024-02-26,81.18,Malaysia
2024-02-27,81.18,Malaysia
2024-02-28,81.18,Malaysia
2024-02-29,81.18,Malaysia
2024-03-01,81.18,Malaysia
2024-03-02,81.18,Malaysia
2024-03-03,81.18,Malaysia
2024-03-04,81.18,Malaysia
2024-03-05,81.18,Malaysia
2024-03-06,81.18,Malaysia
2024-03-07,81.18,Malaysia
2024-03-08,81.18,Malaysia
2024-03-09,81.18,Malaysia
2024-03-10,81.18,Malaysia
2024-03-11,81.18,Malaysia
2024-03-12,81.18,Malaysia
2024-03-13,81.18,Malaysia
2024-03-14,81.18,Malaysia
2024-03-15,81.18,Malaysia
2024-03-16,81.18,Malaysia
2024-03-17,81.18,Malaysia
2024-03-18,81.18,Malaysia
2024-03-19,81.18,Malaysia
2024-03-20,81.18,Malaysia
2024-03-21,81.18,Malaysia
2024-03-22,81.18,Malaysia
2024-03-23,81.18,Malaysia
2024-03-24,81.18,Malaysia
2024-03-25,81.18,Malaysia
2024-03-26,81.18,Malaysia
2024-03-27,81.18,Malaysia
2024-03-28,81.18,Malaysia
2024-03-29,81.18,Malaysia
2024-03-30,81.18,Malaysia
2024-03-31,81.18,Malaysia
2024-04-01,81.18,Malaysia
2024-04-02,81.18,Malaysia
2024-04-03,81.18,Malaysia
2024-04-04,81.18,Malaysia
2024-04-05,81.18,Malaysia
2024-04-06,81.18,Malaysia
2024-04-07,81.18,Malaysia
2024-04-08,81.18,Malaysia
2024-04-09,81.18,Malaysia
2024-04-10,81.18,Malaysia
2024-04-11,81.18,Malaysia
2024-04-12,81.18,Malaysia
2024-04-13,81.18,Malaysia
2024-04-14,81.18,Malaysia
2024-04-15,81.18,Malaysia
2024-04-16,81.18,Malaysia
2024-04-17,81.18,Malaysia
2024-04-18,81.18,Malaysia
2024-04-19,81.18,Malaysia
2024-04-20,81.18,Malaysia
2024-04-21,81.18,Malaysia
2024-04-22,81.18,Malaysia
2024-04-23,81.18,Malaysia
2024-04-24,81.18,Malaysia
2024-04-25,81.18,Malaysia
2024-04-26,81.18,Malaysia
2024-04-27,81.18,Malaysia
2024-04-28,81.18,Malaysia
2024-04-29,81.18,Malaysia
2024-04-30,81.18,Malaysia
2024-05-01,81.18,Malaysia
2024-05-02,81.18,Malaysia
2024-05-03,81.18,Malaysia
2024-05-04,81.18,Malaysia
2024-05-05,81.18,Malaysia
2024-05-06,81.18,Malaysia
2024-05-07,81.18,Malaysia
2024-05-08,81.18,Malaysia
2024-05-09,81.18,Malaysia
2024-05-10,81.18,Malaysia
2024-05-11,81.18,Malaysia
2024-05-12,81.18,Malaysia
2024-05-13,81.18,Malaysia
2024-05-14,81.18,Malaysia
2024-05-15,81.18,Malaysia
2024-05-16,81.18,Malaysia
2024-05-17,81.18,Malaysia
2024-05-18,81.18,Malaysia
2024-05-19,81.18,Malaysia
2024-05-20,81.18,Malaysia
2024-05-21,81.18,Malaysia
2024-05-22,81.18,Malaysia
2024-05-23,81.18,Malaysia
2024-05-24,81.18,Malaysia
2024-05-25,81.18,Malaysia
2024-05-26,81.18,Malaysia
2024-05-27,81.18,Malaysia
2024-05-28,81.18,Malaysia
2024-05-29,81.18,Malaysia
2024-05-30,81.18,Malaysia
2024-05-31,81.18,Malaysia
2024-06-01,81.18,Malaysia
2024-06-02,81.18,Malaysia
2024-06-03,81.18,Malaysia
2024-06-04,81.18,Malaysia
2024-06-05,81.18,Malaysia
2024-06-06,81.18,Malaysia
2024-06-07,81.18,Malaysia
2024-06-08,81.18,Malaysia
2024-06-09,81.18,Malaysia
2024-06-10,81.18,Malaysia
2024-06-11,81.18,Malaysia
2024-06-12,81.18,Malaysia
2024-06-13,81.18,Malaysia
2024-06-14,81.18,Malaysia
2024-06-15,81.18,Malaysia
2024-06-16,,Malaysia
2024-06-17,,Malaysia
2024-06-18,81.18,Malaysia
